{
  "_fv": 66,
  "_type": "command",
  "definition": {
    "commandName": "givepoints",
    "type": "STANDARD",
    "permissionLevel": "4",
    "argsxml": "<xml xmlns=\"https://developers.google.com/blockly/xml\"><block type=\"args_start\" deletable=\"false\" x=\"40\" y=\"40\"><next><block type=\"number_min_max\"><field name=\"name\">attribute_Id</field><field name=\"min\">1</field><field name=\"max\">7</field><statement name=\"args\"><block type=\"number_default\"><field name=\"name\">count</field><statement name=\"args\"><block type=\"call_procedure\"><field name=\"procedure\">AddPointsCmd</field></block></statement></block></statement></block></next></block></xml>"
  }
}