{
  "_fv": 66,
  "_type": "recipe",
  "definition": {
    "recipeType": "Smithing",
    "recipeRetstackSize": 1,
    "group": "",
    "cookingBookCategory": "MISC",
    "xpReward": 0.0,
    "cookingTime": 200,
    "craftingBookCategory": "MISC",
    "recipeShapeless": false,
    "smithingInputStack": {
      "value": "Items.NETHER_STAR"
    },
    "smithingInputAdditionStack": {
      "value": "Blocks.DIAMOND_BLOCK"
    },
    "smithingInputTemplateStack": {
      "value": "CUSTOM:AutoConsumerItem"
    },
    "smithingReturnStack": {
      "value": "CUSTOM:ExperienceEnhancerArtifact"
    },
    "name": "artifact_enhancer_recipe",
    "namespace": "mod"
  }
}