{
  "_fv": 66,
  "_type": "item",
  "definition": {
    "renderType": 0,
    "texture": "consumer_texture_fixed",
    "customModelName": "Normal",
    "customProperties": {},
    "states": [],
    "name": "Auto-Fragment Consumer",
    "rarity": "EPIC",
    "creativeTabs": [
      {
        "value": "CUSTOM:Memoryfragments"
      }
    ],
    "stackSize": 1,
    "enchantability": 0,
    "useDuration": 0,
    "toolType": 1.0,
    "damageCount": 0,
    "recipeRemainder": {
      "value": ""
    },
    "destroyAnyBlock": false,
    "immuneToFire": true,
    "stayInGridWhenCrafting": false,
    "damageOnCrafting": false,
    "enableMeleeDamage": false,
    "damageVsEntity": 0.0,
    "specialInformation": {
      "fixedValue": [
        "§6A powerful artifact that §bautomatically consumes fragments§6 from your inventory",
        "Requires Exploration : 1 "
      ]
    },
    "glowCondition": {
      "fixedValue": false
    },
    "guiBoundTo": "<NONE>",
    "inventorySize": 9,
    "inventoryStackSize": 64,
    "onItemInInventoryTick": {
      "name": "AutoConsumerItemItemInInventoryTick"
    },
    "enableRanged": false,
    "shootConstantly": false,
    "rangedItemChargesPower": false,
    "projectile": {
      "value": "Arrow"
    },
    "isFood": false,
    "nutritionalValue": 4,
    "saturation": 0.3,
    "eatResultItem": {
      "value": ""
    },
    "isMeat": false,
    "isAlwaysEdible": false,
    "animation": "none"
  }
}