{
  "_fv": 66,
  "_type": "recipe",
  "definition": {
    "recipeType": "Crafting",
    "recipeRetstackSize": 1,
    "group": "",
    "cookingBookCategory": "MISC",
    "xpReward": 0.0,
    "cookingTime": 200,
    "craftingBookCategory": "MISC",
    "recipeShapeless": false,
    "recipeSlots": [
      {
        "value": "Blocks.STONE#0"
      },
      {
        "value": "Items.GOLD_INGOT"
      },
      {
        "value": "Blocks.STONE#0"
      },
      {
        "value": "Items.ENDER_PEARL"
      },
      {
        "value": "Items.DIAMOND"
      },
      {
        "value": "Items.ENDER_PEARL"
      },
      {
        "value": "Blocks.STONE#0"
      },
      {
        "value": "Items.ENDER_PEARL"
      },
      {
        "value": "Blocks.STONE#0"
      }
    ],
    "recipeReturnStack": {
      "value": "CUSTOM:AutoConsumerItem"
    },
    "name": "auto_consumer_artifact_recipe",
    "namespace": "mod"
  }
}