{
  "_fv": 66,
  "_type": "command",
  "definition": {
    "commandName": "givelevels",
    "type": "STANDARD",
    "permissionLevel": "4",
    "argsxml": "<xml xmlns=\"https://developers.google.com/blockly/xml\"><block type=\"args_start\" deletable=\"false\" x=\"40\" y=\"40\"><next><block type=\"entity\"><field name=\"name\">player</field><field name=\"type\">player</field><statement name=\"args\"><block type=\"number_min\"><field name=\"name\">amount</field><field name=\"min\">1</field><statement name=\"args\"><block type=\"call_procedure\"><field name=\"procedure\">LevelUpUserCommandProcedure</field></block></statement></block></statement></block></next></block></xml>"
  }
}