{
  "_fv": 66,
  "_type": "overlay",
  "definition": {
    "priority": "NORMAL",
    "components": [
      {
        "type": "label",
        "data": {
          "name": "label_proc_current_xp_to_level",
          "text": {
            "fixedValue": "",
            "name": "CurrentXpToLevel"
          },
          "color": {
            "value": -3381760,
            "falpha": 0.0
          },
          "displayCondition": {
            "name": "DisplayXpOverlay"
          },
          "anchorPoint": "BOTTOM_LEFT",
          "x": 3,
          "y": 224
        }
      },
      {
        "type": "label",
        "data": {
          "name": "label_experience",
          "text": {
            "fixedValue": "Level :"
          },
          "color": {
            "value": -1,
            "falpha": 0.0
          },
          "displayCondition": {
            "name": "DisplayOverlay"
          },
          "anchorPoint": "BOTTOM_LEFT",
          "x": 3,
          "y": 212
        }
      },
      {
        "type": "label",
        "data": {
          "name": "label_proc_return_current_level",
          "text": {
            "fixedValue": "",
            "name": "ReturnCurrentLevel"
          },
          "color": {
            "value": -1,
            "falpha": 0.0
          },
          "displayCondition": {
            "name": "DisplayOverlay"
          },
          "anchorPoint": "BOTTOM_LEFT",
          "x": 41,
          "y": 211
        }
      },
      {
        "type": "label",
        "data": {
          "name": "label_available_points",
          "text": {
            "fixedValue": "You have unspent points !"
          },
          "color": {
            "value": -1,
            "falpha": 0.0
          },
          "displayCondition": {
            "name": "YouHavePoints"
          },
          "anchorPoint": "BOTTOM_LEFT",
          "x": 3,
          "y": 199
        }
      }
    ],
    "baseTexture": "",
    "overlayTarget": "Ingame",
    "gridSettings": {
      "sx": 18,
      "sy": 18,
      "ox": 11,
      "oy": 15,
      "snapOnGrid": false
    }
  }
}