{
  "_fv": 66,
  "_type": "config",
  "definition": {
    "pools": [
      {
        "category": "HUD Overlay",
        "entries": [
          {
            "item": {
              "value": ""
            },
            "silkTouchMode": 0,
            "block": {
              "value": ""
            },
            "logicField": 0,
            "numberField": 0.0,
            "textDefault": "",
            "comment": "",
            "vardisplay": "display_level_overlay",
            "varname": "display_level",
            "enablecomment": false,
            "stringlist": []
          },
          {
            "item": {
              "value": ""
            },
            "silkTouchMode": 0,
            "block": {
              "value": ""
            },
            "logicField": 0,
            "numberField": 0.0,
            "textDefault": "",
            "comment": "",
            "vardisplay": "display_xp_overlay",
            "varname": "display_xp",
            "enablecomment": false,
            "stringlist": []
          },
          {
            "item": {
              "value": ""
            },
            "silkTouchMode": 0,
            "block": {
              "value": ""
            },
            "logicField": 0,
            "numberField": 0.0,
            "textDefault": "",
            "comment": "",
            "vardisplay": "display_points_overlay",
            "varname": "display_points",
            "enablecomment": false,
            "stringlist": []
          }
        ]
      },
      {
        "category": "Leveling Config",
        "entries": [
          {
            "item": {
              "value": ""
            },
            "silkTouchMode": 1,
            "block": {
              "value": ""
            },
            "logicField": 0,
            "numberField": 20.0,
            "textDefault": "",
            "comment": "",
            "vardisplay": "lesser_experience_value",
            "varname": "lesser_xp_value",
            "enablecomment": false,
            "stringlist": []
          },
          {
            "item": {
              "value": ""
            },
            "silkTouchMode": 1,
            "block": {
              "value": ""
            },
            "logicField": 0,
            "numberField": 200.0,
            "textDefault": "",
            "comment": "",
            "vardisplay": "better_experience_value",
            "varname": "better_xp_value",
            "enablecomment": false,
            "stringlist": []
          },
          {
            "item": {
              "value": ""
            },
            "silkTouchMode": 1,
            "block": {
              "value": ""
            },
            "logicField": 0,
            "numberField": 2000.0,
            "textDefault": "",
            "comment": "",
            "vardisplay": "greater_experience_value",
            "varname": "greater_xp_value",
            "enablecomment": false,
            "stringlist": []
          },
          {
            "item": {
              "value": ""
            },
            "silkTouchMode": 1,
            "block": {
              "value": ""
            },
            "logicField": 0,
            "numberField": 1.0,
            "textDefault": "",
            "comment": "the ammount of levels the orb of leveling gives",
            "vardisplay": "level_per_orb",
            "varname": "level_per_orb",
            "enablecomment": false,
            "stringlist": []
          },
          {
            "item": {
              "value": ""
            },
            "silkTouchMode": 1,
            "block": {
              "value": ""
            },
            "logicField": 0,
            "numberField": 30.0,
            "textDefault": "",
            "comment": "",
            "vardisplay": "scale_factor",
            "varname": "scale_factor",
            "enablecomment": false,
            "stringlist": []
          },
          {
            "item": {
              "value": ""
            },
            "silkTouchMode": 1,
            "block": {
              "value": ""
            },
            "logicField": 0,
            "numberField": 1.0,
            "textDefault": "",
            "comment": "",
            "vardisplay": "points_per_level",
            "varname": "points_per_level",
            "enablecomment": false,
            "stringlist": []
          },
          {
            "item": {
              "value": ""
            },
            "silkTouchMode": 0,
            "block": {
              "value": ""
            },
            "logicField": 0,
            "numberField": 0.0,
            "textDefault": "",
            "comment": "",
            "vardisplay": "enableDrops",
            "varname": "enableDrops",
            "enablecomment": false,
            "stringlist": []
          },
          {
            "item": {
              "value": ""
            },
            "silkTouchMode": 0,
            "block": {
              "value": ""
            },
            "logicField": 1,
            "numberField": 0.0,
            "textDefault": "",
            "comment": "",
            "vardisplay": "onDeathReset",
            "varname": "onDeathReset",
            "enablecomment": false,
            "stringlist": []
          },
          {
            "item": {
              "value": ""
            },
            "silkTouchMode": 1,
            "block": {
              "value": ""
            },
            "logicField": 0,
            "numberField": 500.0,
            "textDefault": "",
            "comment": "",
            "vardisplay": "maxPlayerLevel",
            "varname": "maxPlayerLevel",
            "enablecomment": false,
            "stringlist": []
          }
        ]
      },
      {
        "category": "Artifacts Settings",
        "entries": [
          {
            "item": {
              "value": ""
            },
            "silkTouchMode": 1,
            "block": {
              "value": ""
            },
            "logicField": 0,
            "numberField": 1.4,
            "textDefault": "",
            "comment": "",
            "vardisplay": "bonus_experience_factor",
            "varname": "bonus_experience_factor",
            "enablecomment": false,
            "stringlist": []
          }
        ]
      },
      {
        "category": "Initial Starting Values",
        "entries": [
          {
            "item": {
              "value": ""
            },
            "silkTouchMode": 1,
            "block": {
              "value": ""
            },
            "logicField": 0,
            "numberField": 20.0,
            "textDefault": "",
            "comment": "",
            "vardisplay": "init_val_attribute_one",
            "varname": "init_val_1",
            "enablecomment": false,
            "stringlist": []
          },
          {
            "item": {
              "value": ""
            },
            "silkTouchMode": 1,
            "block": {
              "value": ""
            },
            "logicField": 0,
            "numberField": 2.0,
            "textDefault": "",
            "comment": "",
            "vardisplay": "init_val_attribute_two",
            "varname": "init_val_2",
            "enablecomment": false,
            "stringlist": []
          },
          {
            "item": {
              "value": ""
            },
            "silkTouchMode": 1,
            "block": {
              "value": ""
            },
            "logicField": 0,
            "numberField": 4.0,
            "textDefault": "",
            "comment": "",
            "vardisplay": "init_val_attribute_three",
            "varname": "init_val_3",
            "enablecomment": false,
            "stringlist": []
          },
          {
            "item": {
              "value": ""
            },
            "silkTouchMode": 1,
            "block": {
              "value": ""
            },
            "logicField": 0,
            "numberField": 0.0,
            "textDefault": "",
            "comment": "",
            "vardisplay": "init_val_attribute_forth",
            "varname": "init_val_4",
            "enablecomment": false,
            "stringlist": []
          },
          {
            "item": {
              "value": ""
            },
            "silkTouchMode": 1,
            "block": {
              "value": ""
            },
            "logicField": 0,
            "numberField": 20.0,
            "textDefault": "",
            "comment": "",
            "vardisplay": "init_val_attribute_fifth",
            "varname": "init_val_5",
            "enablecomment": false,
            "stringlist": []
          },
          {
            "item": {
              "value": ""
            },
            "silkTouchMode": 1,
            "block": {
              "value": ""
            },
            "logicField": 0,
            "numberField": 0.0,
            "textDefault": "",
            "comment": "",
            "vardisplay": "init_val_attribute_sixth",
            "varname": "init_val_6",
            "enablecomment": false,
            "stringlist": []
          },
          {
            "item": {
              "value": ""
            },
            "silkTouchMode": 1,
            "block": {
              "value": ""
            },
            "logicField": 0,
            "numberField": 0.0,
            "textDefault": "",
            "comment": "",
            "vardisplay": "init_val_attribute_seventh",
            "varname": "init_val_7",
            "enablecomment": false,
            "stringlist": []
          },
          {
            "item": {
              "value": ""
            },
            "silkTouchMode": 1,
            "block": {
              "value": ""
            },
            "logicField": 0,
            "numberField": 0.0,
            "textDefault": "",
            "comment": "",
            "vardisplay": "init_val_attribute_eight",
            "varname": "init_val_8",
            "enablecomment": false,
            "stringlist": []
          },
          {
            "item": {
              "value": ""
            },
            "silkTouchMode": 1,
            "block": {
              "value": ""
            },
            "logicField": 0,
            "numberField": 0.0,
            "textDefault": "",
            "comment": "",
            "vardisplay": "init_val_attribute_nine",
            "varname": "init_val_9",
            "enablecomment": false,
            "stringlist": []
          },
          {
            "item": {
              "value": ""
            },
            "silkTouchMode": 1,
            "block": {
              "value": ""
            },
            "logicField": 0,
            "numberField": 0.0,
            "textDefault": "",
            "comment": "",
            "vardisplay": "init_val_attribute_ten",
            "varname": "init_val_10",
            "enablecomment": false,
            "stringlist": []
          },
          {
            "item": {
              "value": ""
            },
            "silkTouchMode": 1,
            "block": {
              "value": ""
            },
            "logicField": 0,
            "numberField": 1.0,
            "textDefault": "",
            "comment": "",
            "vardisplay": "init_val_starting_level",
            "varname": "init_val_starting_level",
            "enablecomment": false,
            "stringlist": []
          }
        ]
      },
      {
        "category": "Leveling Scale",
        "entries": [
          {
            "item": {
              "value": ""
            },
            "silkTouchMode": 1,
            "block": {
              "value": ""
            },
            "logicField": 0,
            "numberField": 20000.0,
            "textDefault": "",
            "comment": "",
            "vardisplay": "level_interval_first",
            "varname": "level_interval_first",
            "enablecomment": false,
            "stringlist": []
          },
          {
            "item": {
              "value": ""
            },
            "silkTouchMode": 1,
            "block": {
              "value": ""
            },
            "logicField": 0,
            "numberField": 1.1,
            "textDefault": "",
            "comment": "",
            "vardisplay": "level_interval_scale_first",
            "varname": "level_interval_scale_first",
            "enablecomment": false,
            "stringlist": []
          },
          {
            "item": {
              "value": ""
            },
            "silkTouchMode": 1,
            "block": {
              "value": ""
            },
            "logicField": 0,
            "numberField": 100000.0,
            "textDefault": "",
            "comment": "",
            "vardisplay": "level_interval_second",
            "varname": "level_interval_second",
            "enablecomment": false,
            "stringlist": []
          },
          {
            "item": {
              "value": ""
            },
            "silkTouchMode": 1,
            "block": {
              "value": ""
            },
            "logicField": 0,
            "numberField": 1.02,
            "textDefault": "",
            "comment": "",
            "vardisplay": "level_interval_scale_second",
            "varname": "level_interval_scale_second",
            "enablecomment": false,
            "stringlist": []
          },
          {
            "item": {
              "value": ""
            },
            "silkTouchMode": 1,
            "block": {
              "value": ""
            },
            "logicField": 0,
            "numberField": 1.001,
            "textDefault": "",
            "comment": "",
            "vardisplay": "level_interval_scale_after",
            "varname": "level_interval_scale_after",
            "enablecomment": false,
            "stringlist": []
          },
          {
            "item": {
              "value": ""
            },
            "silkTouchMode": 1,
            "block": {
              "value": ""
            },
            "logicField": 0,
            "numberField": 90.0,
            "textDefault": "",
            "comment": "",
            "vardisplay": "starting_xp_level",
            "varname": "starting_xp_level",
            "enablecomment": false,
            "stringlist": []
          }
        ]
      },
      {
        "category": "Colors",
        "entries": [
          {
            "item": {
              "value": ""
            },
            "silkTouchMode": 2,
            "block": {
              "value": ""
            },
            "logicField": 0,
            "numberField": 0.0,
            "textDefault": "§6",
            "comment": "",
            "vardisplay": "global_stats_ui_color",
            "varname": "global_stats_ui_color",
            "enablecomment": false,
            "stringlist": []
          }
        ]
      }
    ],
    "file": "motp/main_config",
    "configType": 0
  }
}