{
  "_fv": 66,
  "_type": "config",
  "definition": {
    "pools": [
      {
        "category": "Attribute_One",
        "entries": [
          {
            "item": {
              "value": ""
            },
            "silkTouchMode": 1,
            "block": {
              "value": ""
            },
            "logicField": 0,
            "numberField": 100.0,
            "textDefault": "",
            "comment": "",
            "vardisplay": "max_level",
            "varname": "max_health_level",
            "enablecomment": false,
            "stringlist": []
          },
          {
            "item": {
              "value": ""
            },
            "silkTouchMode": 1,
            "block": {
              "value": ""
            },
            "logicField": 0,
            "numberField": 1.0,
            "textDefault": "",
            "comment": "",
            "vardisplay": "value_per_level",
            "varname": "health_value_per_level",
            "enablecomment": false,
            "stringlist": []
          },
          {
            "item": {
              "value": ""
            },
            "silkTouchMode": 0,
            "block": {
              "value": ""
            },
            "logicField": 1,
            "numberField": 0.0,
            "textDefault": "",
            "comment": "",
            "vardisplay": "lock",
            "varname": "lock_health",
            "enablecomment": false,
            "stringlist": []
          }
        ]
      },
      {
        "category": "Attribute_Two",
        "entries": [
          {
            "item": {
              "value": ""
            },
            "silkTouchMode": 1,
            "block": {
              "value": ""
            },
            "logicField": 0,
            "numberField": 100.0,
            "textDefault": "",
            "comment": "",
            "vardisplay": "max_level",
            "varname": "max_ap_level",
            "enablecomment": false,
            "stringlist": []
          },
          {
            "item": {
              "value": ""
            },
            "silkTouchMode": 1,
            "block": {
              "value": ""
            },
            "logicField": 0,
            "numberField": 0.5,
            "textDefault": "",
            "comment": "",
            "vardisplay": "value_per_level",
            "varname": "ap_value_per_level",
            "enablecomment": false,
            "stringlist": []
          },
          {
            "item": {
              "value": ""
            },
            "silkTouchMode": 0,
            "block": {
              "value": ""
            },
            "logicField": 1,
            "numberField": 0.0,
            "textDefault": "",
            "comment": "",
            "vardisplay": "lock",
            "varname": "lock_ap",
            "enablecomment": false,
            "stringlist": []
          }
        ]
      },
      {
        "category": "Attribute_Three",
        "entries": [
          {
            "item": {
              "value": ""
            },
            "silkTouchMode": 1,
            "block": {
              "value": ""
            },
            "logicField": 0,
            "numberField": 30.0,
            "textDefault": "",
            "comment": "",
            "vardisplay": "max_level",
            "varname": "max_as_level",
            "enablecomment": false,
            "stringlist": []
          },
          {
            "item": {
              "value": ""
            },
            "silkTouchMode": 1,
            "block": {
              "value": ""
            },
            "logicField": 0,
            "numberField": 0.3,
            "textDefault": "",
            "comment": "",
            "vardisplay": "value_per_level",
            "varname": "as_value_per_level",
            "enablecomment": false,
            "stringlist": []
          },
          {
            "item": {
              "value": ""
            },
            "silkTouchMode": 0,
            "block": {
              "value": ""
            },
            "logicField": 1,
            "numberField": 0.0,
            "textDefault": "",
            "comment": "",
            "vardisplay": "lock",
            "varname": "lock_as",
            "enablecomment": false,
            "stringlist": []
          }
        ]
      },
      {
        "category": "Attribute_Forth",
        "entries": [
          {
            "item": {
              "value": ""
            },
            "silkTouchMode": 1,
            "block": {
              "value": ""
            },
            "logicField": 0,
            "numberField": 30.0,
            "textDefault": "",
            "comment": "",
            "vardisplay": "max_level",
            "varname": "max_prot_level",
            "enablecomment": false,
            "stringlist": []
          },
          {
            "item": {
              "value": ""
            },
            "silkTouchMode": 1,
            "block": {
              "value": ""
            },
            "logicField": 0,
            "numberField": 0.1,
            "textDefault": "",
            "comment": "",
            "vardisplay": "value_per_level",
            "varname": "prot_value_per_level",
            "enablecomment": false,
            "stringlist": []
          },
          {
            "item": {
              "value": ""
            },
            "silkTouchMode": 0,
            "block": {
              "value": ""
            },
            "logicField": 1,
            "numberField": 0.0,
            "textDefault": "",
            "comment": "",
            "vardisplay": "lock",
            "varname": "lock_prot",
            "enablecomment": false,
            "stringlist": []
          }
        ]
      },
      {
        "category": "Attribute_Fifth",
        "entries": [
          {
            "item": {
              "value": ""
            },
            "silkTouchMode": 1,
            "block": {
              "value": ""
            },
            "logicField": 0,
            "numberField": 0.5,
            "textDefault": "",
            "comment": "The display will always show value * 100",
            "vardisplay": "max_level",
            "varname": "max_ms_level",
            "enablecomment": true,
            "stringlist": []
          },
          {
            "item": {
              "value": ""
            },
            "silkTouchMode": 1,
            "block": {
              "value": ""
            },
            "logicField": 0,
            "numberField": 0.005,
            "textDefault": "",
            "comment": "The display will always show value * 100",
            "vardisplay": "value_per_level",
            "varname": "ms_value_per_level",
            "enablecomment": true,
            "stringlist": []
          },
          {
            "item": {
              "value": ""
            },
            "silkTouchMode": 0,
            "block": {
              "value": ""
            },
            "logicField": 1,
            "numberField": 0.0,
            "textDefault": "",
            "comment": "",
            "vardisplay": "lock",
            "varname": "lock_ms",
            "enablecomment": false,
            "stringlist": []
          }
        ]
      },
      {
        "category": "Attribute_Sixth",
        "entries": [
          {
            "item": {
              "value": ""
            },
            "silkTouchMode": 1,
            "block": {
              "value": ""
            },
            "logicField": 0,
            "numberField": 1.0,
            "textDefault": "",
            "comment": "The display will always show value * 10",
            "vardisplay": "max_level",
            "varname": "max_fort_level",
            "enablecomment": true,
            "stringlist": []
          },
          {
            "item": {
              "value": ""
            },
            "silkTouchMode": 1,
            "block": {
              "value": ""
            },
            "logicField": 0,
            "numberField": 0.01,
            "textDefault": "",
            "comment": "The display will always show value * 10",
            "vardisplay": "value_per_level",
            "varname": "fort_value_per_level",
            "enablecomment": true,
            "stringlist": []
          },
          {
            "item": {
              "value": ""
            },
            "silkTouchMode": 0,
            "block": {
              "value": ""
            },
            "logicField": 1,
            "numberField": 0.0,
            "textDefault": "",
            "comment": "",
            "vardisplay": "lock",
            "varname": "lock_fort",
            "enablecomment": false,
            "stringlist": []
          }
        ]
      },
      {
        "category": "Attribute_Seventh",
        "entries": [
          {
            "item": {
              "value": ""
            },
            "silkTouchMode": 1,
            "block": {
              "value": ""
            },
            "logicField": 0,
            "numberField": 10.0,
            "textDefault": "",
            "comment": "",
            "vardisplay": "max_level",
            "varname": "max_ex_level",
            "enablecomment": false,
            "stringlist": []
          },
          {
            "item": {
              "value": ""
            },
            "silkTouchMode": 1,
            "block": {
              "value": ""
            },
            "logicField": 0,
            "numberField": 0.05,
            "textDefault": "",
            "comment": "",
            "vardisplay": "value_per_level",
            "varname": "ex_value_per_level",
            "enablecomment": false,
            "stringlist": []
          },
          {
            "item": {
              "value": ""
            },
            "silkTouchMode": 0,
            "block": {
              "value": ""
            },
            "logicField": 1,
            "numberField": 0.0,
            "textDefault": "",
            "comment": "",
            "vardisplay": "lock",
            "varname": "lock_ex",
            "enablecomment": false,
            "stringlist": []
          }
        ]
      },
      {
        "category": "HUD Overlay",
        "entries": [
          {
            "item": {
              "value": ""
            },
            "silkTouchMode": 0,
            "block": {
              "value": ""
            },
            "logicField": 0,
            "numberField": 0.0,
            "textDefault": "",
            "comment": "",
            "vardisplay": "display_level_overlay",
            "varname": "display_level",
            "enablecomment": false,
            "stringlist": []
          },
          {
            "item": {
              "value": ""
            },
            "silkTouchMode": 0,
            "block": {
              "value": ""
            },
            "logicField": 0,
            "numberField": 0.0,
            "textDefault": "",
            "comment": "",
            "vardisplay": "display_xp_overlay",
            "varname": "display_xp",
            "enablecomment": false,
            "stringlist": []
          },
          {
            "item": {
              "value": ""
            },
            "silkTouchMode": 0,
            "block": {
              "value": ""
            },
            "logicField": 0,
            "numberField": 0.0,
            "textDefault": "",
            "comment": "",
            "vardisplay": "display_points_overlay",
            "varname": "display_points",
            "enablecomment": false,
            "stringlist": []
          }
        ]
      },
      {
        "category": "Leveling Config",
        "entries": [
          {
            "item": {
              "value": ""
            },
            "silkTouchMode": 1,
            "block": {
              "value": ""
            },
            "logicField": 0,
            "numberField": 20.0,
            "textDefault": "",
            "comment": "",
            "vardisplay": "lesser_experience_value",
            "varname": "lesser_xp_value",
            "enablecomment": false,
            "stringlist": []
          },
          {
            "item": {
              "value": ""
            },
            "silkTouchMode": 1,
            "block": {
              "value": ""
            },
            "logicField": 0,
            "numberField": 200.0,
            "textDefault": "",
            "comment": "",
            "vardisplay": "better_experience_value",
            "varname": "better_xp_value",
            "enablecomment": false,
            "stringlist": []
          },
          {
            "item": {
              "value": ""
            },
            "silkTouchMode": 1,
            "block": {
              "value": ""
            },
            "logicField": 0,
            "numberField": 2000.0,
            "textDefault": "",
            "comment": "",
            "vardisplay": "greater_experience_value",
            "varname": "greater_xp_value",
            "enablecomment": false,
            "stringlist": []
          },
          {
            "item": {
              "value": ""
            },
            "silkTouchMode": 1,
            "block": {
              "value": ""
            },
            "logicField": 0,
            "numberField": 1.0,
            "textDefault": "",
            "comment": "the ammount of levels the orb of leveling gives",
            "vardisplay": "level_per_orb",
            "varname": "level_per_orb",
            "enablecomment": false,
            "stringlist": []
          },
          {
            "item": {
              "value": ""
            },
            "silkTouchMode": 1,
            "block": {
              "value": ""
            },
            "logicField": 0,
            "numberField": 30.0,
            "textDefault": "",
            "comment": "",
            "vardisplay": "scale_factor",
            "varname": "scale_factor",
            "enablecomment": false,
            "stringlist": []
          },
          {
            "item": {
              "value": ""
            },
            "silkTouchMode": 1,
            "block": {
              "value": ""
            },
            "logicField": 0,
            "numberField": 1.0,
            "textDefault": "",
            "comment": "",
            "vardisplay": "points_per_level",
            "varname": "points_per_level",
            "enablecomment": false,
            "stringlist": []
          },
          {
            "item": {
              "value": ""
            },
            "silkTouchMode": 0,
            "block": {
              "value": ""
            },
            "logicField": 0,
            "numberField": 0.0,
            "textDefault": "",
            "comment": "",
            "vardisplay": "enableDrops",
            "varname": "enableDrops",
            "enablecomment": false,
            "stringlist": []
          },
          {
            "item": {
              "value": ""
            },
            "silkTouchMode": 0,
            "block": {
              "value": ""
            },
            "logicField": 1,
            "numberField": 0.0,
            "textDefault": "",
            "comment": "",
            "vardisplay": "onDeathReset",
            "varname": "onDeathReset",
            "enablecomment": false,
            "stringlist": []
          },
          {
            "item": {
              "value": ""
            },
            "silkTouchMode": 1,
            "block": {
              "value": ""
            },
            "logicField": 0,
            "numberField": 500.0,
            "textDefault": "",
            "comment": "",
            "vardisplay": "maxPlayerLevel",
            "varname": "maxPlayerLevel",
            "enablecomment": false,
            "stringlist": []
          }
        ]
      },
      {
        "category": "Artifacts Settings",
        "entries": [
          {
            "item": {
              "value": ""
            },
            "silkTouchMode": 1,
            "block": {
              "value": ""
            },
            "logicField": 0,
            "numberField": 1.4,
            "textDefault": "",
            "comment": "",
            "vardisplay": "bonus_experience_factor",
            "varname": "bonus_experience_factor",
            "enablecomment": false,
            "stringlist": []
          }
        ]
      },
      {
        "category": "Initial Starting Values",
        "entries": [
          {
            "item": {
              "value": ""
            },
            "silkTouchMode": 1,
            "block": {
              "value": ""
            },
            "logicField": 0,
            "numberField": 20.0,
            "textDefault": "",
            "comment": "",
            "vardisplay": "init_val_attribute_one",
            "varname": "init_val_1",
            "enablecomment": false,
            "stringlist": []
          },
          {
            "item": {
              "value": ""
            },
            "silkTouchMode": 1,
            "block": {
              "value": ""
            },
            "logicField": 0,
            "numberField": 2.0,
            "textDefault": "",
            "comment": "",
            "vardisplay": "init_val_attribute_two",
            "varname": "init_val_2",
            "enablecomment": false,
            "stringlist": []
          },
          {
            "item": {
              "value": ""
            },
            "silkTouchMode": 1,
            "block": {
              "value": ""
            },
            "logicField": 0,
            "numberField": 4.0,
            "textDefault": "",
            "comment": "",
            "vardisplay": "init_val_attribute_three",
            "varname": "init_val_3",
            "enablecomment": false,
            "stringlist": []
          },
          {
            "item": {
              "value": ""
            },
            "silkTouchMode": 1,
            "block": {
              "value": ""
            },
            "logicField": 0,
            "numberField": 0.0,
            "textDefault": "",
            "comment": "",
            "vardisplay": "init_val_attribute_forth",
            "varname": "init_val_4",
            "enablecomment": false,
            "stringlist": []
          },
          {
            "item": {
              "value": ""
            },
            "silkTouchMode": 1,
            "block": {
              "value": ""
            },
            "logicField": 0,
            "numberField": 0.1,
            "textDefault": "",
            "comment": "",
            "vardisplay": "init_val_attribute_fifth",
            "varname": "init_val_5",
            "enablecomment": false,
            "stringlist": []
          },
          {
            "item": {
              "value": ""
            },
            "silkTouchMode": 1,
            "block": {
              "value": ""
            },
            "logicField": 0,
            "numberField": 0.0,
            "textDefault": "",
            "comment": "",
            "vardisplay": "init_val_attribute_sixth",
            "varname": "init_val_6",
            "enablecomment": false,
            "stringlist": []
          },
          {
            "item": {
              "value": ""
            },
            "silkTouchMode": 1,
            "block": {
              "value": ""
            },
            "logicField": 0,
            "numberField": 0.0,
            "textDefault": "",
            "comment": "",
            "vardisplay": "init_val_attribute_seventh",
            "varname": "init_val_7",
            "enablecomment": false,
            "stringlist": []
          },
          {
            "item": {
              "value": ""
            },
            "silkTouchMode": 1,
            "block": {
              "value": ""
            },
            "logicField": 0,
            "numberField": 0.0,
            "textDefault": "",
            "comment": "",
            "vardisplay": "init_val_starting_level",
            "varname": "init_val_starting_level",
            "enablecomment": false,
            "stringlist": []
          }
        ]
      },
      {
        "category": "Leveling Scale",
        "entries": [
          {
            "item": {
              "value": ""
            },
            "silkTouchMode": 1,
            "block": {
              "value": ""
            },
            "logicField": 0,
            "numberField": 20000.0,
            "textDefault": "",
            "comment": "",
            "vardisplay": "level_interval_first",
            "varname": "level_interval_first",
            "enablecomment": false,
            "stringlist": []
          },
          {
            "item": {
              "value": ""
            },
            "silkTouchMode": 1,
            "block": {
              "value": ""
            },
            "logicField": 0,
            "numberField": 1.1,
            "textDefault": "",
            "comment": "",
            "vardisplay": "level_interval_scale_first",
            "varname": "level_interval_scale_first",
            "enablecomment": false,
            "stringlist": []
          },
          {
            "item": {
              "value": ""
            },
            "silkTouchMode": 1,
            "block": {
              "value": ""
            },
            "logicField": 0,
            "numberField": 100000.0,
            "textDefault": "",
            "comment": "",
            "vardisplay": "level_interval_second",
            "varname": "level_interval_second",
            "enablecomment": false,
            "stringlist": []
          },
          {
            "item": {
              "value": ""
            },
            "silkTouchMode": 1,
            "block": {
              "value": ""
            },
            "logicField": 0,
            "numberField": 1.02,
            "textDefault": "",
            "comment": "",
            "vardisplay": "level_interval_scale_second",
            "varname": "level_interval_scale_second",
            "enablecomment": false,
            "stringlist": []
          },
          {
            "item": {
              "value": ""
            },
            "silkTouchMode": 1,
            "block": {
              "value": ""
            },
            "logicField": 0,
            "numberField": 1.001,
            "textDefault": "",
            "comment": "",
            "vardisplay": "level_interval_scale_after",
            "varname": "level_interval_scale_after",
            "enablecomment": false,
            "stringlist": []
          }
        ]
      },
      {
        "category": "Colors",
        "entries": [
          {
            "item": {
              "value": ""
            },
            "silkTouchMode": 2,
            "block": {
              "value": ""
            },
            "logicField": 0,
            "numberField": 0.0,
            "textDefault": "§6",
            "comment": "",
            "vardisplay": "global_stats_ui_color",
            "varname": "global_stats_ui_color",
            "enablecomment": false,
            "stringlist": []
          }
        ]
      }
    ],
    "file": "motp/main_config",
    "configType": 0
  }
}