{
  "_fv": 66,
  "_type": "config",
  "definition": {
    "pools": [
      {
        "category": "Attribute 1",
        "entries": [
          {
            "item": {
              "value": ""
            },
            "silkTouchMode": 2,
            "block": {
              "value": ""
            },
            "logicField": 0,
            "numberField": 0.0,
            "textDefault": "Vitality : ",
            "comment": "",
            "vardisplay": "display_name",
            "varname": "display_name_att_1",
            "enablecomment": false,
            "stringlist": []
          },
          {
            "item": {
              "value": ""
            },
            "silkTouchMode": 5,
            "block": {
              "value": ""
            },
            "logicField": 0,
            "numberField": 0.0,
            "textDefault": "",
            "comment": "",
            "vardisplay": "cmd_to_exc",
            "varname": "cmd_att_1",
            "enablecomment": false,
            "stringlist": [
              "/attribute @p generic.max_health base set",
              "/effect give @p minecraft:health_boost 2 3"
            ]
          },
          {
            "item": {
              "value": ""
            },
            "silkTouchMode": 2,
            "block": {
              "value": ""
            },
            "logicField": 0,
            "numberField": 0.0,
            "textDefault": "§7Represents your overall durability. §7More health means you can survive longer in battle",
            "comment": "",
            "vardisplay": "tip_to_display",
            "varname": "display_tip_att_1",
            "enablecomment": false,
            "stringlist": []
          },
          {
            "item": {
              "value": ""
            },
            "silkTouchMode": 1,
            "block": {
              "value": ""
            },
            "logicField": 0,
            "numberField": 100.0,
            "textDefault": "",
            "comment": "",
            "vardisplay": "max_level",
            "varname": "max_level_att_1",
            "enablecomment": false,
            "stringlist": []
          },
          {
            "item": {
              "value": ""
            },
            "silkTouchMode": 1,
            "block": {
              "value": ""
            },
            "logicField": 0,
            "numberField": 1.0,
            "textDefault": "",
            "comment": "",
            "vardisplay": "base_value_per_point",
            "varname": "base_value_per_point_1",
            "enablecomment": false,
            "stringlist": []
          },
          {
            "item": {
              "value": ""
            },
            "silkTouchMode": 0,
            "block": {
              "value": ""
            },
            "logicField": 1,
            "numberField": 0.0,
            "textDefault": "",
            "comment": "",
            "vardisplay": "lock",
            "varname": "lock_att_1",
            "enablecomment": false,
            "stringlist": []
          }
        ]
      },
      {
        "category": "Attribute 2",
        "entries": [
          {
            "item": {
              "value": ""
            },
            "silkTouchMode": 2,
            "block": {
              "value": ""
            },
            "logicField": 0,
            "numberField": 0.0,
            "textDefault": "Attack Power : ",
            "comment": "",
            "vardisplay": "display_name",
            "varname": "display_name_att_2",
            "enablecomment": false,
            "stringlist": []
          },
          {
            "item": {
              "value": ""
            },
            "silkTouchMode": 5,
            "block": {
              "value": ""
            },
            "logicField": 0,
            "numberField": 0.0,
            "textDefault": "/attribute @p generic.attack_damage base set (variable)",
            "comment": "",
            "vardisplay": "cmd_to_exc",
            "varname": "cmd_att_2",
            "enablecomment": false,
            "stringlist": [
              "/attribute @p generic.attack_damage base set"
            ]
          },
          {
            "item": {
              "value": ""
            },
            "silkTouchMode": 2,
            "block": {
              "value": ""
            },
            "logicField": 0,
            "numberField": 0.0,
            "textDefault": "§7Defines the amount of harm you can inflict with each attack. ",
            "comment": "",
            "vardisplay": "tip_to_display",
            "varname": "display_tip_att_2",
            "enablecomment": false,
            "stringlist": []
          },
          {
            "item": {
              "value": ""
            },
            "silkTouchMode": 1,
            "block": {
              "value": ""
            },
            "logicField": 0,
            "numberField": 100.0,
            "textDefault": "",
            "comment": "",
            "vardisplay": "max_level",
            "varname": "max_level_att_2",
            "enablecomment": false,
            "stringlist": []
          },
          {
            "item": {
              "value": ""
            },
            "silkTouchMode": 1,
            "block": {
              "value": ""
            },
            "logicField": 0,
            "numberField": 1.0,
            "textDefault": "",
            "comment": "",
            "vardisplay": "base_value_per_point",
            "varname": "base_value_per_point_2",
            "enablecomment": false,
            "stringlist": []
          },
          {
            "item": {
              "value": ""
            },
            "silkTouchMode": 0,
            "block": {
              "value": ""
            },
            "logicField": 1,
            "numberField": 0.0,
            "textDefault": "",
            "comment": "",
            "vardisplay": "lock",
            "varname": "lock_att_2",
            "enablecomment": false,
            "stringlist": []
          }
        ]
      },
      {
        "category": "Attribute 3",
        "entries": [
          {
            "item": {
              "value": ""
            },
            "silkTouchMode": 2,
            "block": {
              "value": ""
            },
            "logicField": 0,
            "numberField": 0.0,
            "textDefault": "Attack Speed : ",
            "comment": "",
            "vardisplay": "display_name",
            "varname": "display_name_att_3",
            "enablecomment": false,
            "stringlist": []
          },
          {
            "item": {
              "value": ""
            },
            "silkTouchMode": 5,
            "block": {
              "value": ""
            },
            "logicField": 0,
            "numberField": 0.0,
            "textDefault": "/attribute @p generic.attack_speed base set (variable)",
            "comment": "",
            "vardisplay": "cmd_to_exc",
            "varname": "cmd_att_3",
            "enablecomment": false,
            "stringlist": [
              "/attribute @p generic.attack_speed base set"
            ]
          },
          {
            "item": {
              "value": ""
            },
            "silkTouchMode": 2,
            "block": {
              "value": ""
            },
            "logicField": 0,
            "numberField": 0.0,
            "textDefault": "§7Determines how quickly you can swing your weapon. ",
            "comment": "",
            "vardisplay": "tip_to_display",
            "varname": "display_tip_att_3",
            "enablecomment": false,
            "stringlist": []
          },
          {
            "item": {
              "value": ""
            },
            "silkTouchMode": 1,
            "block": {
              "value": ""
            },
            "logicField": 0,
            "numberField": 20.0,
            "textDefault": "",
            "comment": "",
            "vardisplay": "max_level",
            "varname": "max_level_att_3",
            "enablecomment": false,
            "stringlist": []
          },
          {
            "item": {
              "value": ""
            },
            "silkTouchMode": 1,
            "block": {
              "value": ""
            },
            "logicField": 0,
            "numberField": 1.0,
            "textDefault": "",
            "comment": "",
            "vardisplay": "base_value_per_point",
            "varname": "base_value_per_point_3",
            "enablecomment": false,
            "stringlist": []
          },
          {
            "item": {
              "value": ""
            },
            "silkTouchMode": 0,
            "block": {
              "value": ""
            },
            "logicField": 1,
            "numberField": 0.0,
            "textDefault": "",
            "comment": "",
            "vardisplay": "lock",
            "varname": "lock_att_3",
            "enablecomment": false,
            "stringlist": []
          }
        ]
      },
      {
        "category": "Attribute 4",
        "entries": [
          {
            "item": {
              "value": ""
            },
            "silkTouchMode": 2,
            "block": {
              "value": ""
            },
            "logicField": 0,
            "numberField": 0.0,
            "textDefault": "Protection : ",
            "comment": "",
            "vardisplay": "display_name",
            "varname": "display_name_att_4",
            "enablecomment": false,
            "stringlist": []
          },
          {
            "item": {
              "value": ""
            },
            "silkTouchMode": 5,
            "block": {
              "value": ""
            },
            "logicField": 0,
            "numberField": 0.0,
            "textDefault": "/attribute @p generic.armor base set (variable)",
            "comment": "",
            "vardisplay": "cmd_to_exc",
            "varname": "cmd_att_4",
            "enablecomment": false,
            "stringlist": [
              "/attribute @p generic.armor base set [param(0.1)]"
            ]
          },
          {
            "item": {
              "value": ""
            },
            "silkTouchMode": 2,
            "block": {
              "value": ""
            },
            "logicField": 0,
            "numberField": 0.0,
            "textDefault": "§7Reduces the amount of damage you take from enemy attacks",
            "comment": "",
            "vardisplay": "tip_to_display",
            "varname": "display_tip_att_4",
            "enablecomment": false,
            "stringlist": []
          },
          {
            "item": {
              "value": ""
            },
            "silkTouchMode": 1,
            "block": {
              "value": ""
            },
            "logicField": 0,
            "numberField": 200.0,
            "textDefault": "",
            "comment": "",
            "vardisplay": "max_level",
            "varname": "max_level_att_4",
            "enablecomment": false,
            "stringlist": []
          },
          {
            "item": {
              "value": ""
            },
            "silkTouchMode": 1,
            "block": {
              "value": ""
            },
            "logicField": 0,
            "numberField": 1.0,
            "textDefault": "",
            "comment": "",
            "vardisplay": "base_value_per_point",
            "varname": "base_value_per_point_4",
            "enablecomment": false,
            "stringlist": []
          },
          {
            "item": {
              "value": ""
            },
            "silkTouchMode": 0,
            "block": {
              "value": ""
            },
            "logicField": 1,
            "numberField": 0.0,
            "textDefault": "",
            "comment": "",
            "vardisplay": "lock",
            "varname": "lock_att_4",
            "enablecomment": false,
            "stringlist": []
          }
        ]
      },
      {
        "category": "Attribute 5",
        "entries": [
          {
            "item": {
              "value": ""
            },
            "silkTouchMode": 2,
            "block": {
              "value": ""
            },
            "logicField": 0,
            "numberField": 0.0,
            "textDefault": "Agility : ",
            "comment": "",
            "vardisplay": "display_name",
            "varname": "display_name_att_5",
            "enablecomment": false,
            "stringlist": []
          },
          {
            "item": {
              "value": ""
            },
            "silkTouchMode": 5,
            "block": {
              "value": ""
            },
            "logicField": 0,
            "numberField": 0.0,
            "textDefault": "/attribute @p generic.movement_speed base set (variable)",
            "comment": "",
            "vardisplay": "cmd_to_exc",
            "varname": "cmd_att_5",
            "enablecomment": false,
            "stringlist": [
              "/attribute @p generic.movement_speed base set [param(0.005)]"
            ]
          },
          {
            "item": {
              "value": ""
            },
            "silkTouchMode": 2,
            "block": {
              "value": ""
            },
            "logicField": 0,
            "numberField": 0.0,
            "textDefault": "§7Influences how fast you can move",
            "comment": "",
            "vardisplay": "tip_to_display",
            "varname": "display_tip_att_5",
            "enablecomment": false,
            "stringlist": []
          },
          {
            "item": {
              "value": ""
            },
            "silkTouchMode": 1,
            "block": {
              "value": ""
            },
            "logicField": 0,
            "numberField": 50.0,
            "textDefault": "",
            "comment": "",
            "vardisplay": "max_level",
            "varname": "max_level_att_5",
            "enablecomment": false,
            "stringlist": []
          },
          {
            "item": {
              "value": ""
            },
            "silkTouchMode": 1,
            "block": {
              "value": ""
            },
            "logicField": 0,
            "numberField": 1.0,
            "textDefault": "",
            "comment": "",
            "vardisplay": "base_value_per_point",
            "varname": "base_value_per_point_5",
            "enablecomment": false,
            "stringlist": []
          },
          {
            "item": {
              "value": ""
            },
            "silkTouchMode": 0,
            "block": {
              "value": ""
            },
            "logicField": 1,
            "numberField": 0.0,
            "textDefault": "",
            "comment": "",
            "vardisplay": "lock",
            "varname": "lock_att_5",
            "enablecomment": false,
            "stringlist": []
          }
        ]
      },
      {
        "category": "Attribute 6",
        "entries": [
          {
            "item": {
              "value": ""
            },
            "silkTouchMode": 2,
            "block": {
              "value": ""
            },
            "logicField": 0,
            "numberField": 0.0,
            "textDefault": "Fortitude : ",
            "comment": "",
            "vardisplay": "display_name",
            "varname": "display_name_att_6",
            "enablecomment": false,
            "stringlist": []
          },
          {
            "item": {
              "value": ""
            },
            "silkTouchMode": 5,
            "block": {
              "value": ""
            },
            "logicField": 0,
            "numberField": 0.0,
            "textDefault": "/attribute @p generic.knockback_resistance base set (variable) ",
            "comment": "",
            "vardisplay": "cmd_to_exc",
            "varname": "cmd_att_6",
            "enablecomment": false,
            "stringlist": [
              "/attribute @p generic.knockback_resistance base set [param(0.01)]"
            ]
          },
          {
            "item": {
              "value": ""
            },
            "silkTouchMode": 2,
            "block": {
              "value": ""
            },
            "logicField": 0,
            "numberField": 0.0,
            "textDefault": "§7Reduces the distance you are pushed back when hit by an enemy or explosion",
            "comment": "",
            "vardisplay": "tip_to_display",
            "varname": "display_tip_att_6",
            "enablecomment": false,
            "stringlist": []
          },
          {
            "item": {
              "value": ""
            },
            "silkTouchMode": 1,
            "block": {
              "value": ""
            },
            "logicField": 0,
            "numberField": 100.0,
            "textDefault": "",
            "comment": "",
            "vardisplay": "max_level",
            "varname": "max_level_att_6",
            "enablecomment": false,
            "stringlist": []
          },
          {
            "item": {
              "value": ""
            },
            "silkTouchMode": 1,
            "block": {
              "value": ""
            },
            "logicField": 0,
            "numberField": 1.0,
            "textDefault": "",
            "comment": "",
            "vardisplay": "base_value_per_point",
            "varname": "base_value_per_point_6",
            "enablecomment": false,
            "stringlist": []
          },
          {
            "item": {
              "value": ""
            },
            "silkTouchMode": 0,
            "block": {
              "value": ""
            },
            "logicField": 1,
            "numberField": 0.0,
            "textDefault": "",
            "comment": "",
            "vardisplay": "lock",
            "varname": "lock_att_6",
            "enablecomment": false,
            "stringlist": []
          }
        ]
      },
      {
        "category": "Attribute 7",
        "entries": [
          {
            "item": {
              "value": ""
            },
            "silkTouchMode": 2,
            "block": {
              "value": ""
            },
            "logicField": 0,
            "numberField": 0.0,
            "textDefault": "Exploration : ",
            "comment": "",
            "vardisplay": "display_name",
            "varname": "display_name_att_7",
            "enablecomment": false,
            "stringlist": []
          },
          {
            "item": {
              "value": ""
            },
            "silkTouchMode": 5,
            "block": {
              "value": ""
            },
            "logicField": 0,
            "numberField": 0.0,
            "textDefault": "/attribute @p generic.luck base set (variable)",
            "comment": "",
            "vardisplay": "cmd_to_exc",
            "varname": "cmd_att_7",
            "enablecomment": false,
            "stringlist": [
              "/attribute @p generic.luck base set [param(0.5)]"
            ]
          },
          {
            "item": {
              "value": ""
            },
            "silkTouchMode": 2,
            "block": {
              "value": ""
            },
            "logicField": 0,
            "numberField": 0.0,
            "textDefault": "§7Influences the chances of receiving better loot or triggering beneficial events",
            "comment": "",
            "vardisplay": "tip_to_display",
            "varname": "display_tip_att_7",
            "enablecomment": false,
            "stringlist": []
          },
          {
            "item": {
              "value": ""
            },
            "silkTouchMode": 1,
            "block": {
              "value": ""
            },
            "logicField": 0,
            "numberField": 100.0,
            "textDefault": "",
            "comment": "",
            "vardisplay": "max_level",
            "varname": "max_level_att_7",
            "enablecomment": false,
            "stringlist": []
          },
          {
            "item": {
              "value": ""
            },
            "silkTouchMode": 1,
            "block": {
              "value": ""
            },
            "logicField": 0,
            "numberField": 1.0,
            "textDefault": "",
            "comment": "",
            "vardisplay": "base_value_per_point",
            "varname": "base_value_per_point_7",
            "enablecomment": false,
            "stringlist": []
          },
          {
            "item": {
              "value": ""
            },
            "silkTouchMode": 0,
            "block": {
              "value": ""
            },
            "logicField": 1,
            "numberField": 0.0,
            "textDefault": "",
            "comment": "",
            "vardisplay": "lock",
            "varname": "lock_att_7",
            "enablecomment": false,
            "stringlist": []
          }
        ]
      },
      {
        "category": "Attribute 8",
        "entries": [
          {
            "item": {
              "value": ""
            },
            "silkTouchMode": 2,
            "block": {
              "value": ""
            },
            "logicField": 0,
            "numberField": 0.0,
            "textDefault": "",
            "comment": "",
            "vardisplay": "display_name",
            "varname": "display_name_att_8",
            "enablecomment": false,
            "stringlist": []
          },
          {
            "item": {
              "value": ""
            },
            "silkTouchMode": 5,
            "block": {
              "value": ""
            },
            "logicField": 0,
            "numberField": 0.0,
            "textDefault": "",
            "comment": "",
            "vardisplay": "cmd_to_exc",
            "varname": "cmd_att_8",
            "enablecomment": false,
            "stringlist": []
          },
          {
            "item": {
              "value": ""
            },
            "silkTouchMode": 2,
            "block": {
              "value": ""
            },
            "logicField": 0,
            "numberField": 0.0,
            "textDefault": "",
            "comment": "",
            "vardisplay": "tip_to_display",
            "varname": "display_tip_att_8",
            "enablecomment": false,
            "stringlist": []
          },
          {
            "item": {
              "value": ""
            },
            "silkTouchMode": 1,
            "block": {
              "value": ""
            },
            "logicField": 0,
            "numberField": 0.0,
            "textDefault": "",
            "comment": "",
            "vardisplay": "max_level",
            "varname": "max_level_att_8",
            "enablecomment": false,
            "stringlist": []
          },
          {
            "item": {
              "value": ""
            },
            "silkTouchMode": 1,
            "block": {
              "value": ""
            },
            "logicField": 0,
            "numberField": 0.0,
            "textDefault": "",
            "comment": "",
            "vardisplay": "base_value_per_point",
            "varname": "base_value_per_point_8",
            "enablecomment": false,
            "stringlist": []
          },
          {
            "item": {
              "value": ""
            },
            "silkTouchMode": 0,
            "block": {
              "value": ""
            },
            "logicField": 0,
            "numberField": 0.0,
            "textDefault": "",
            "comment": "",
            "vardisplay": "lock",
            "varname": "lock_att_8",
            "enablecomment": false,
            "stringlist": []
          }
        ]
      },
      {
        "category": "Attribute 9",
        "entries": [
          {
            "item": {
              "value": ""
            },
            "silkTouchMode": 2,
            "block": {
              "value": ""
            },
            "logicField": 0,
            "numberField": 0.0,
            "textDefault": "",
            "comment": "",
            "vardisplay": "display_name ",
            "varname": "display_name_att_9",
            "enablecomment": false,
            "stringlist": []
          },
          {
            "item": {
              "value": ""
            },
            "silkTouchMode": 5,
            "block": {
              "value": ""
            },
            "logicField": 0,
            "numberField": 0.0,
            "textDefault": "",
            "comment": "",
            "vardisplay": "cmd_to_exc",
            "varname": "cmd_att_9",
            "enablecomment": false,
            "stringlist": []
          },
          {
            "item": {
              "value": ""
            },
            "silkTouchMode": 2,
            "block": {
              "value": ""
            },
            "logicField": 0,
            "numberField": 0.0,
            "textDefault": "",
            "comment": "",
            "vardisplay": "tip_to_display ",
            "varname": "display_tip_att_9",
            "enablecomment": false,
            "stringlist": []
          },
          {
            "item": {
              "value": ""
            },
            "silkTouchMode": 1,
            "block": {
              "value": ""
            },
            "logicField": 0,
            "numberField": 0.0,
            "textDefault": "",
            "comment": "",
            "vardisplay": "max_level",
            "varname": "max_level_att_9",
            "enablecomment": false,
            "stringlist": []
          },
          {
            "item": {
              "value": ""
            },
            "silkTouchMode": 1,
            "block": {
              "value": ""
            },
            "logicField": 0,
            "numberField": 0.0,
            "textDefault": "",
            "comment": "",
            "vardisplay": "base_value_per_point",
            "varname": "base_value_per_point_9",
            "enablecomment": false,
            "stringlist": []
          },
          {
            "item": {
              "value": ""
            },
            "silkTouchMode": 0,
            "block": {
              "value": ""
            },
            "logicField": 0,
            "numberField": 0.0,
            "textDefault": "",
            "comment": "",
            "vardisplay": "lock",
            "varname": "lock_att_9",
            "enablecomment": false,
            "stringlist": []
          }
        ]
      },
      {
        "category": "Attribute 10",
        "entries": [
          {
            "item": {
              "value": ""
            },
            "silkTouchMode": 2,
            "block": {
              "value": ""
            },
            "logicField": 0,
            "numberField": 0.0,
            "textDefault": "",
            "comment": "",
            "vardisplay": "display_name ",
            "varname": "display_name_att_10",
            "enablecomment": false,
            "stringlist": []
          },
          {
            "item": {
              "value": ""
            },
            "silkTouchMode": 5,
            "block": {
              "value": ""
            },
            "logicField": 0,
            "numberField": 0.0,
            "textDefault": "",
            "comment": "",
            "vardisplay": "cmd_to_exc",
            "varname": "cmd_att_10",
            "enablecomment": false,
            "stringlist": []
          },
          {
            "item": {
              "value": ""
            },
            "silkTouchMode": 2,
            "block": {
              "value": ""
            },
            "logicField": 0,
            "numberField": 0.0,
            "textDefault": "",
            "comment": "",
            "vardisplay": "tip_to_display ",
            "varname": "display_tip_att_10",
            "enablecomment": false,
            "stringlist": []
          },
          {
            "item": {
              "value": ""
            },
            "silkTouchMode": 1,
            "block": {
              "value": ""
            },
            "logicField": 0,
            "numberField": 0.0,
            "textDefault": "",
            "comment": "",
            "vardisplay": "max_level",
            "varname": "max_level_att_10",
            "enablecomment": false,
            "stringlist": []
          },
          {
            "item": {
              "value": ""
            },
            "silkTouchMode": 1,
            "block": {
              "value": ""
            },
            "logicField": 0,
            "numberField": 0.0,
            "textDefault": "",
            "comment": "",
            "vardisplay": "base_value_per_point",
            "varname": "base_value_per_point_10",
            "enablecomment": false,
            "stringlist": []
          },
          {
            "item": {
              "value": ""
            },
            "silkTouchMode": 0,
            "block": {
              "value": ""
            },
            "logicField": 0,
            "numberField": 0.0,
            "textDefault": "",
            "comment": "",
            "vardisplay": "lock",
            "varname": "lock_att_10",
            "enablecomment": false,
            "stringlist": []
          }
        ]
      }
    ],
    "file": "motp/attributes_config",
    "configType": 0
  }
}