{
  "_fv": 66,
  "_type": "recipe",
  "definition": {
    "recipeType": "Crafting",
    "recipeRetstackSize": 1,
    "group": "",
    "cookingBookCategory": "MISC",
    "xpReward": 0.0,
    "cookingTime": 200,
    "craftingBookCategory": "MISC",
    "recipeShapeless": false,
    "recipeSlots": [
      {
        "value": "CUSTOM:Rarefragment"
      },
      {
        "value": "CUSTOM:Rarefragment"
      },
      {
        "value": "CUSTOM:Rarefragment"
      },
      {
        "value": "CUSTOM:Rarefragment"
      },
      {
        "value": "Blocks.GOLD_BLOCK"
      },
      {
        "value": "CUSTOM:Rarefragment"
      },
      {
        "value": "CUSTOM:Rarefragment"
      },
      {
        "value": "CUSTOM:Rarefragment"
      },
      {
        "value": "CUSTOM:Rarefragment"
      }
    ],
    "recipeReturnStack": {
      "value": "CUSTOM:OrbOfReseting"
    },
    "name": "orb_of_reseting_recipe",
    "namespace": "mod"
  }
}