{
  "_fv": 66,
  "_type": "gui",
  "definition": {
    "type": 0,
    "width": 234,
    "height": 166,
    "inventoryOffsetX": 0,
    "inventoryOffsetY": 0,
    "renderBgLayer": false,
    "doesPauseGame": false,
    "components": [
      {
        "type": "image",
        "data": {
          "image": "bg.png",
          "use1Xscale": false,
          "x": 36,
          "y": 14
        }
      },
      {
        "type": "entitymodel",
        "data": {
          "entityModel": {
            "name": "GetThePlayerModel"
          },
          "scale": 60,
          "rotationX": 0,
          "followMouseMovement": true,
          "x": 71,
          "y": 154
        }
      },
      {
        "type": "label",
        "data": {
          "name": "label_level",
          "text": {
            "fixedValue": "Level :"
          },
          "color": {
            "value": -1,
            "falpha": 0.0
          },
          "x": 61,
          "y": 184
        }
      },
      {
        "type": "label",
        "data": {
          "name": "label_proc_return_current_level",
          "text": {
            "fixedValue": "",
            "name": "ReturnCurrentLevel"
          },
          "color": {
            "value": -1,
            "falpha": 0.0
          },
          "x": 101,
          "y": 184
        }
      },
      {
        "type": "label",
        "data": {
          "name": "label_available_points",
          "text": {
            "fixedValue": "Available Points:"
          },
          "color": {
            "value": -1,
            "falpha": 0.0
          },
          "x": 176,
          "y": 29
        }
      },
      {
        "type": "label",
        "data": {
          "name": "label_proc_return_extra_points",
          "text": {
            "fixedValue": "",
            "name": "ReturnExtraPoints"
          },
          "color": {
            "value": -1,
            "falpha": 0.0
          },
          "x": 266,
          "y": 29
        }
      },
      {
        "type": "tooltip",
        "data": {
          "name": "tooltip_represents_your_overall_progress",
          "text": {
            "fixedValue": "§7Represents your overall progress and power"
          },
          "width": 39,
          "height": 11,
          "x": 59,
          "y": 184
        }
      },
      {
        "type": "tooltip",
        "data": {
          "name": "tooltip_indicates_the_number_of_points_y",
          "text": {
            "fixedValue": "§7Indicates the number of points you can allocate to improve your stats"
          },
          "width": 89,
          "height": 11,
          "x": 175,
          "y": 29
        }
      },
      {
        "type": "label",
        "data": {
          "name": "label_proc_player_name",
          "text": {
            "fixedValue": "",
            "name": "PlayerName"
          },
          "color": {
            "value": -1,
            "falpha": 0.0
          },
          "x": 69,
          "y": 35
        }
      },
      {
        "type": "image",
        "data": {
          "image": "bg_attributes.png",
          "use1Xscale": false,
          "displayCondition": {
            "name": "DisplayLogicAttributeOne"
          },
          "x": 146,
          "y": 54
        }
      },
      {
        "type": "image",
        "data": {
          "image": "iconbg.png",
          "use1Xscale": false,
          "displayCondition": {
            "name": "DisplayLogicAttributeOne"
          },
          "x": 135,
          "y": 57
        }
      },
      {
        "type": "image",
        "data": {
          "image": "att_1.png",
          "use1Xscale": false,
          "displayCondition": {
            "name": "DisplayLogicAttributeOne"
          },
          "x": 139,
          "y": 61
        }
      },
      {
        "type": "imagebutton",
        "data": {
          "name": "imagebutton_button_notclicked",
          "image": "button_notclicked.png",
          "hoveredImage": "button_clicked.png",
          "onClick": {
            "name": "AddPointsAttributeOne"
          },
          "displayCondition": {
            "name": "DisplayLogicAttributeOne"
          },
          "x": 225,
          "y": 62
        }
      },
      {
        "type": "label",
        "data": {
          "name": "label_proc_return_current_attribute_on",
          "text": {
            "fixedValue": "",
            "name": "ReturnCurrentAttributeOne"
          },
          "color": {
            "value": -1,
            "falpha": 0.0
          },
          "displayCondition": {
            "name": "DisplayLogicAttributeOne"
          },
          "x": 160,
          "y": 66
        }
      },
      {
        "type": "tooltip",
        "data": {
          "name": "tooltip_proc_return_attribute_one_tip",
          "text": {
            "fixedValue": "",
            "name": "ReturnAttributeOneTip"
          },
          "displayCondition": {
            "name": "DisplayLogicAttributeOne"
          },
          "width": 24,
          "height": 24,
          "x": 135,
          "y": 57
        }
      },
      {
        "type": "tooltip",
        "data": {
          "name": "tooltip_proc_return_next_attribute_one",
          "text": {
            "fixedValue": "",
            "name": "ReturnNextAttributeOne"
          },
          "displayCondition": {
            "name": "DisplayLogicAttributeOne"
          },
          "width": 12,
          "height": 12,
          "x": 225,
          "y": 62
        }
      },
      {
        "type": "image",
        "data": {
          "image": "bg_attributes.png",
          "use1Xscale": false,
          "displayCondition": {
            "name": "DisplayLogicAttributeTwo"
          },
          "x": 267,
          "y": 54
        }
      },
      {
        "type": "image",
        "data": {
          "image": "iconbg.png",
          "use1Xscale": false,
          "displayCondition": {
            "name": "DisplayLogicAttributeTwo"
          },
          "x": 257,
          "y": 57
        }
      },
      {
        "type": "image",
        "data": {
          "image": "att_2.png",
          "use1Xscale": false,
          "displayCondition": {
            "name": "DisplayLogicAttributeTwo"
          },
          "x": 261,
          "y": 61
        }
      },
      {
        "type": "imagebutton",
        "data": {
          "name": "imagebutton_button_notclicked1",
          "image": "button_notclicked.png",
          "hoveredImage": "button_clicked.png",
          "onClick": {
            "name": "AddPointsAttributeTwo"
          },
          "displayCondition": {
            "name": "DisplayLogicAttributeTwo"
          },
          "x": 346,
          "y": 62
        }
      },
      {
        "type": "label",
        "data": {
          "name": "label_proc_return_current_attribute_tw",
          "text": {
            "fixedValue": "",
            "name": "ReturnCurrentAttributeTwo"
          },
          "color": {
            "value": -1,
            "falpha": 0.0
          },
          "displayCondition": {
            "name": "DisplayLogicAttributeTwo"
          },
          "x": 283,
          "y": 64
        }
      },
      {
        "type": "tooltip",
        "data": {
          "name": "tooltip_proc_return_attribute_two_tip",
          "text": {
            "fixedValue": "",
            "name": "ReturnAttributeTwoTip"
          },
          "displayCondition": {
            "name": "DisplayLogicAttributeTwo"
          },
          "width": 24,
          "height": 24,
          "x": 257,
          "y": 57
        }
      },
      {
        "type": "tooltip",
        "data": {
          "name": "tooltip_proc_return_next_attribute_two",
          "text": {
            "fixedValue": "",
            "name": "ReturnNextAttributeTwo"
          },
          "displayCondition": {
            "name": "DisplayLogicAttributeTwo"
          },
          "width": 11,
          "height": 11,
          "x": 347,
          "y": 63
        }
      },
      {
        "type": "image",
        "data": {
          "image": "bg_attributes.png",
          "use1Xscale": false,
          "displayCondition": {
            "name": "DisplayLogicAttributeThree"
          },
          "x": 146,
          "y": 85
        }
      },
      {
        "type": "image",
        "data": {
          "image": "bg_attributes.png",
          "use1Xscale": false,
          "displayCondition": {
            "name": "DisplayLogicAttributeFifth"
          },
          "x": 146,
          "y": 116
        }
      },
      {
        "type": "image",
        "data": {
          "image": "bg_attributes.png",
          "use1Xscale": false,
          "displayCondition": {
            "name": "DisplayLogicAttributeSeventh"
          },
          "x": 146,
          "y": 148
        }
      },
      {
        "type": "image",
        "data": {
          "image": "bg_attributes.png",
          "use1Xscale": false,
          "displayCondition": {
            "name": "DisplayLogicAttributeNine"
          },
          "x": 146,
          "y": 180
        }
      },
      {
        "type": "image",
        "data": {
          "image": "bg_attributes.png",
          "use1Xscale": false,
          "displayCondition": {
            "name": "DisplayLogicAttributeForth"
          },
          "x": 267,
          "y": 85
        }
      },
      {
        "type": "image",
        "data": {
          "image": "bg_attributes.png",
          "use1Xscale": false,
          "displayCondition": {
            "name": "DisplayLogicAttributeSixth"
          },
          "x": 267,
          "y": 116
        }
      },
      {
        "type": "image",
        "data": {
          "image": "bg_attributes.png",
          "use1Xscale": false,
          "displayCondition": {
            "name": "DisplayLogicAttributeEight"
          },
          "x": 267,
          "y": 148
        }
      },
      {
        "type": "image",
        "data": {
          "image": "bg_attributes.png",
          "use1Xscale": false,
          "displayCondition": {
            "name": "DisplayLogicAttributeTen"
          },
          "x": 267,
          "y": 180
        }
      },
      {
        "type": "image",
        "data": {
          "image": "iconbg.png",
          "use1Xscale": false,
          "displayCondition": {
            "name": "DisplayLogicAttributeThree"
          },
          "x": 135,
          "y": 89
        }
      },
      {
        "type": "image",
        "data": {
          "image": "iconbg.png",
          "use1Xscale": false,
          "displayCondition": {
            "name": "DisplayLogicAttributeForth"
          },
          "x": 257,
          "y": 88
        }
      },
      {
        "type": "image",
        "data": {
          "image": "iconbg.png",
          "use1Xscale": false,
          "displayCondition": {
            "name": "DisplayLogicAttributeFifth"
          },
          "x": 135,
          "y": 120
        }
      },
      {
        "type": "image",
        "data": {
          "image": "iconbg.png",
          "use1Xscale": false,
          "displayCondition": {
            "name": "DisplayLogicAttributeSixth"
          },
          "x": 257,
          "y": 120
        }
      },
      {
        "type": "image",
        "data": {
          "image": "iconbg.png",
          "use1Xscale": false,
          "displayCondition": {
            "name": "DisplayLogicAttributeSeventh"
          },
          "x": 135,
          "y": 151
        }
      },
      {
        "type": "image",
        "data": {
          "image": "iconbg.png",
          "use1Xscale": false,
          "displayCondition": {
            "name": "DisplayLogicAttributeEight"
          },
          "x": 257,
          "y": 151
        }
      },
      {
        "type": "image",
        "data": {
          "image": "iconbg.png",
          "use1Xscale": false,
          "displayCondition": {
            "name": "DisplayLogicAttributeNine"
          },
          "x": 135,
          "y": 183
        }
      },
      {
        "type": "image",
        "data": {
          "image": "iconbg.png",
          "use1Xscale": false,
          "displayCondition": {
            "name": "DisplayLogicAttributeTen"
          },
          "x": 257,
          "y": 184
        }
      },
      {
        "type": "image",
        "data": {
          "image": "att_3.png",
          "use1Xscale": false,
          "displayCondition": {
            "name": "DisplayLogicAttributeThree"
          },
          "x": 139,
          "y": 93
        }
      },
      {
        "type": "image",
        "data": {
          "image": "att_4.png",
          "use1Xscale": false,
          "displayCondition": {
            "name": "DisplayLogicAttributeForth"
          },
          "x": 261,
          "y": 92
        }
      },
      {
        "type": "image",
        "data": {
          "image": "att_5.png",
          "use1Xscale": false,
          "displayCondition": {
            "name": "DisplayLogicAttributeFifth"
          },
          "x": 139,
          "y": 124
        }
      },
      {
        "type": "image",
        "data": {
          "image": "att_6.png",
          "use1Xscale": false,
          "displayCondition": {
            "name": "DisplayLogicAttributeSixth"
          },
          "x": 261,
          "y": 124
        }
      },
      {
        "type": "image",
        "data": {
          "image": "att_7.png",
          "use1Xscale": false,
          "displayCondition": {
            "name": "DisplayLogicAttributeSeventh"
          },
          "x": 140,
          "y": 155
        }
      },
      {
        "type": "imagebutton",
        "data": {
          "name": "imagebutton_button_notclicked2",
          "image": "button_notclicked.png",
          "hoveredImage": "button_clicked.png",
          "onClick": {
            "name": "AddPointsAttributeThree"
          },
          "displayCondition": {
            "name": "DisplayLogicAttributeThree"
          },
          "x": 225,
          "y": 94
        }
      },
      {
        "type": "imagebutton",
        "data": {
          "name": "imagebutton_button_notclicked3",
          "image": "button_notclicked.png",
          "hoveredImage": "button_clicked.png",
          "onClick": {
            "name": "AddPointsAttributeForth"
          },
          "displayCondition": {
            "name": "DisplayLogicAttributeForth"
          },
          "x": 346,
          "y": 94
        }
      },
      {
        "type": "imagebutton",
        "data": {
          "name": "imagebutton_button_notclicked4",
          "image": "button_notclicked.png",
          "hoveredImage": "button_clicked.png",
          "onClick": {
            "name": "AddPointsAttributeFifth"
          },
          "displayCondition": {
            "name": "DisplayLogicAttributeFifth"
          },
          "x": 225,
          "y": 125
        }
      },
      {
        "type": "imagebutton",
        "data": {
          "name": "imagebutton_button_notclicked5",
          "image": "button_notclicked.png",
          "hoveredImage": "button_clicked.png",
          "onClick": {
            "name": "AddPointsAttributeSixth"
          },
          "displayCondition": {
            "name": "DisplayLogicAttributeSixth"
          },
          "x": 346,
          "y": 125
        }
      },
      {
        "type": "imagebutton",
        "data": {
          "name": "imagebutton_button_notclicked6",
          "image": "button_notclicked.png",
          "hoveredImage": "button_clicked.png",
          "onClick": {
            "name": "AddPointsAttributeSeventh"
          },
          "displayCondition": {
            "name": "DisplayLogicAttributeSeventh"
          },
          "x": 225,
          "y": 157
        }
      },
      {
        "type": "label",
        "data": {
          "name": "label_proc_return_current_attribute_th",
          "text": {
            "fixedValue": "",
            "name": "ReturnCurrentAttributeThree"
          },
          "color": {
            "value": -1,
            "falpha": 0.0
          },
          "displayCondition": {
            "name": "DisplayLogicAttributeThree"
          },
          "x": 160,
          "y": 96
        }
      },
      {
        "type": "label",
        "data": {
          "name": "label_proc_return_current_attribute_fo",
          "text": {
            "fixedValue": "",
            "name": "ReturnCurrentAttributeForth"
          },
          "color": {
            "value": -1,
            "falpha": 0.0
          },
          "displayCondition": {
            "name": "DisplayLogicAttributeForth"
          },
          "x": 283,
          "y": 97
        }
      },
      {
        "type": "label",
        "data": {
          "name": "label_proc_return_current_attribute_fi",
          "text": {
            "fixedValue": "",
            "name": "ReturnCurrentAttributeFifth"
          },
          "color": {
            "value": -1,
            "falpha": 0.0
          },
          "displayCondition": {
            "name": "DisplayLogicAttributeFifth"
          },
          "x": 160,
          "y": 128
        }
      },
      {
        "type": "label",
        "data": {
          "name": "label_proc_return_current_attribute_si",
          "text": {
            "fixedValue": "",
            "name": "ReturnCurrentAttributeSixth"
          },
          "color": {
            "value": -1,
            "falpha": 0.0
          },
          "displayCondition": {
            "name": "DisplayLogicAttributeSixth"
          },
          "x": 283,
          "y": 128
        }
      },
      {
        "type": "label",
        "data": {
          "name": "label_proc_return_current_attribute_se",
          "text": {
            "fixedValue": "",
            "name": "ReturnCurrentAttributeSeventh"
          },
          "color": {
            "value": -1,
            "falpha": 0.0
          },
          "displayCondition": {
            "name": "DisplayLogicAttributeSeventh"
          },
          "x": 160,
          "y": 160
        }
      },
      {
        "type": "tooltip",
        "data": {
          "name": "tooltip_proc_return_attribute_three_tip",
          "text": {
            "fixedValue": "",
            "name": "ReturnAttributeThreeTip"
          },
          "displayCondition": {
            "name": "DisplayLogicAttributeThree"
          },
          "width": 24,
          "height": 24,
          "x": 135,
          "y": 89
        }
      },
      {
        "type": "tooltip",
        "data": {
          "name": "tooltip_proc_return_attribute_forth_tip",
          "text": {
            "fixedValue": "",
            "name": "ReturnAttributeForthTip"
          },
          "displayCondition": {
            "name": "DisplayLogicAttributeForth"
          },
          "width": 24,
          "height": 24,
          "x": 257,
          "y": 88
        }
      },
      {
        "type": "tooltip",
        "data": {
          "name": "tooltip_proc_return_attribute_fifth_tip",
          "text": {
            "fixedValue": "",
            "name": "ReturnAttributeFifthTip"
          },
          "displayCondition": {
            "name": "DisplayLogicAttributeFifth"
          },
          "width": 24,
          "height": 24,
          "x": 135,
          "y": 120
        }
      },
      {
        "type": "tooltip",
        "data": {
          "name": "tooltip_proc_return_attribute_sixth_tip",
          "text": {
            "fixedValue": "",
            "name": "ReturnAttributeSixthTip"
          },
          "displayCondition": {
            "name": "DisplayLogicAttributeSixth"
          },
          "width": 24,
          "height": 24,
          "x": 257,
          "y": 120
        }
      },
      {
        "type": "tooltip",
        "data": {
          "name": "tooltip_proc_return_attribute_seventh_ti",
          "text": {
            "fixedValue": "",
            "name": "ReturnAttributeSeventhTip"
          },
          "displayCondition": {
            "name": "DisplayLogicAttributeSeventh"
          },
          "width": 24,
          "height": 24,
          "x": 136,
          "y": 151
        }
      },
      {
        "type": "tooltip",
        "data": {
          "name": "tooltip_proc_return_next_attribute_three",
          "text": {
            "fixedValue": "",
            "name": "ReturnNextAttributeThree"
          },
          "displayCondition": {
            "name": "DisplayLogicAttributeThree"
          },
          "width": 11,
          "height": 11,
          "x": 226,
          "y": 95
        }
      },
      {
        "type": "tooltip",
        "data": {
          "name": "tooltip_proc_return_next_attribute_forth",
          "text": {
            "fixedValue": "",
            "name": "ReturnNextAttributeForth"
          },
          "displayCondition": {
            "name": "DisplayLogicAttributeForth"
          },
          "width": 12,
          "height": 11,
          "x": 347,
          "y": 95
        }
      },
      {
        "type": "tooltip",
        "data": {
          "name": "tooltip_proc_return_next_attribute_fifth",
          "text": {
            "fixedValue": "",
            "name": "ReturnNextAttributeFifth"
          },
          "displayCondition": {
            "name": "DisplayLogicAttributeFifth"
          },
          "width": 11,
          "height": 11,
          "x": 226,
          "y": 126
        }
      },
      {
        "type": "tooltip",
        "data": {
          "name": "tooltip_proc_return_next_attribute_sixth",
          "text": {
            "fixedValue": "",
            "name": "ReturnNextAttributeSixth"
          },
          "displayCondition": {
            "name": "DisplayLogicAttributeSixth"
          },
          "width": 12,
          "height": 12,
          "x": 346,
          "y": 125
        }
      },
      {
        "type": "tooltip",
        "data": {
          "name": "tooltip_proc_return_next_attribute_seven",
          "text": {
            "fixedValue": "",
            "name": "ReturnNextAttributeSeventh"
          },
          "displayCondition": {
            "name": "DisplayLogicAttributeSeventh"
          },
          "width": 11,
          "height": 11,
          "x": 226,
          "y": 158
        }
      },
      {
        "type": "image",
        "data": {
          "image": "att_8.png",
          "use1Xscale": false,
          "displayCondition": {
            "name": "DisplayLogicAttributeEight"
          },
          "x": 261,
          "y": 155
        }
      },
      {
        "type": "image",
        "data": {
          "image": "att_9.png",
          "use1Xscale": false,
          "displayCondition": {
            "name": "DisplayLogicAttributeNine"
          },
          "x": 139,
          "y": 187
        }
      },
      {
        "type": "image",
        "data": {
          "image": "att_10.png",
          "use1Xscale": false,
          "displayCondition": {
            "name": "DisplayLogicAttributeTen"
          },
          "x": 261,
          "y": 187
        }
      },
      {
        "type": "imagebutton",
        "data": {
          "name": "imagebutton_button_notclicked7",
          "image": "button_notclicked.png",
          "hoveredImage": "button_clicked.png",
          "onClick": {
            "name": "AddPointsAttributeEight"
          },
          "displayCondition": {
            "name": "DisplayLogicAttributeEight"
          },
          "x": 346,
          "y": 157
        }
      },
      {
        "type": "label",
        "data": {
          "name": "label_proc_return_current_attribute_ei",
          "text": {
            "fixedValue": "",
            "name": "ReturnCurrentAttributeEight"
          },
          "color": {
            "value": -1,
            "falpha": 0.0
          },
          "displayCondition": {
            "name": "DisplayLogicAttributeEight"
          },
          "x": 282,
          "y": 161
        }
      },
      {
        "type": "tooltip",
        "data": {
          "name": "tooltip_proc_return_attribute_eight_tip",
          "text": {
            "fixedValue": "",
            "name": "ReturnAttributeEightTip"
          },
          "displayCondition": {
            "name": "DisplayLogicAttributeEight"
          },
          "width": 24,
          "height": 24,
          "x": 257,
          "y": 151
        }
      },
      {
        "type": "tooltip",
        "data": {
          "name": "tooltip_proc_return_next_attribute_eight",
          "text": {
            "fixedValue": "",
            "name": "ReturnNextAttributeEight"
          },
          "displayCondition": {
            "name": "DisplayLogicAttributeEight"
          },
          "width": 11,
          "height": 13,
          "x": 347,
          "y": 157
        }
      },
      {
        "type": "imagebutton",
        "data": {
          "name": "imagebutton_button_notclicked8",
          "image": "button_notclicked.png",
          "hoveredImage": "button_clicked.png",
          "onClick": {
            "name": "AddPointsAttributeNine"
          },
          "displayCondition": {
            "name": "DisplayLogicAttributeNine"
          },
          "x": 225,
          "y": 188
        }
      },
      {
        "type": "imagebutton",
        "data": {
          "name": "imagebutton_button_notclicked9",
          "image": "button_notclicked.png",
          "hoveredImage": "button_clicked.png",
          "onClick": {
            "name": "AddPointsAttributeTen"
          },
          "displayCondition": {
            "name": "DisplayLogicAttributeTen"
          },
          "x": 346,
          "y": 188
        }
      },
      {
        "type": "label",
        "data": {
          "name": "label_proc_return_current_attribute_ni",
          "text": {
            "fixedValue": "",
            "name": "ReturnCurrentAttributeNine"
          },
          "color": {
            "value": -1,
            "falpha": 0.0
          },
          "displayCondition": {
            "name": "DisplayLogicAttributeNine"
          },
          "x": 160,
          "y": 192
        }
      },
      {
        "type": "label",
        "data": {
          "name": "label_proc_return_current_attribute_te",
          "text": {
            "fixedValue": "",
            "name": "ReturnCurrentAttributeTen"
          },
          "color": {
            "value": -1,
            "falpha": 0.0
          },
          "displayCondition": {
            "name": "DisplayLogicAttributeTen"
          },
          "x": 282,
          "y": 193
        }
      },
      {
        "type": "tooltip",
        "data": {
          "name": "tooltip_proc_return_attribute_nine_tip",
          "text": {
            "fixedValue": "",
            "name": "ReturnAttributeNineTip"
          },
          "displayCondition": {
            "name": "DisplayLogicAttributeNine"
          },
          "width": 24,
          "height": 24,
          "x": 134,
          "y": 183
        }
      },
      {
        "type": "tooltip",
        "data": {
          "name": "tooltip_proc_return_attribute_ten_tip",
          "text": {
            "fixedValue": "",
            "name": "ReturnAttributeTenTip"
          },
          "displayCondition": {
            "name": "DisplayLogicAttributeTen"
          },
          "width": 24,
          "height": 24,
          "x": 257,
          "y": 184
        }
      },
      {
        "type": "tooltip",
        "data": {
          "name": "tooltip_proc_return_next_attribute_nine",
          "text": {
            "fixedValue": "",
            "name": "ReturnNextAttributeNine"
          },
          "displayCondition": {
            "name": "DisplayLogicAttributeNine"
          },
          "width": 13,
          "height": 14,
          "x": 225,
          "y": 187
        }
      },
      {
        "type": "tooltip",
        "data": {
          "name": "tooltip_proc_return_next_attribute_ten",
          "text": {
            "fixedValue": "",
            "name": "ReturnNextAttributeTen"
          },
          "displayCondition": {
            "name": "DisplayLogicAttributeTen"
          },
          "width": 13,
          "height": 13,
          "x": 346,
          "y": 188
        }
      }
    ],
    "gridSettings": {
      "sx": 5,
      "sy": 5,
      "ox": 30,
      "oy": 6,
      "snapOnGrid": false
    }
  }
}