{
  "_fv": 66,
  "_type": "achievement",
  "definition": {
    "achievementName": "Reach Level 100",
    "achievementDescription": "You Just Reached LEVEL 100 !!",
    "achievementIcon": {
      "value": "CUSTOM:Rarefragment"
    },
    "background": "Default",
    "disableDisplay": false,
    "showPopup": true,
    "announceToChat": true,
    "hideIfNotCompleted": false,
    "rewardLoot": [],
    "rewardRecipes": [],
    "rewardFunction": "No function",
    "rewardXP": 20,
    "achievementType": "challenge",
    "parent": {
      "value": "CUSTOM:ReachLevel50"
    },
    "triggerxml": "<xml xmlns=\"https://developers.google.com/blockly/xml\"><block type=\"advancement_trigger\" deletable=\"false\" x=\"40\" y=\"80\"><next><block type=\"item_in_inventory\"><value name=\"amount_l\"><block type=\"math_number\"><field name=\"NUM\">1</field></block></value><value name=\"amount_h\"><block type=\"math_number\"><field name=\"NUM\">1</field></block></value><value name=\"item\"><block type=\"mcitem_all\"><field name=\"value\">CUSTOM:Level100TrophyReward</field></block></value></block></next></block></xml>"
  }
}