{
  "_fv": 66,
  "_type": "recipe",
  "definition": {
    "recipeType": "Crafting",
    "recipeRetstackSize": 1,
    "group": "",
    "cookingBookCategory": "MISC",
    "xpReward": 0.0,
    "cookingTime": 200,
    "craftingBookCategory": "MISC",
    "recipeShapeless": true,
    "recipeSlots": [
      {
        "value": "Items.ENDER_EYE"
      },
      {
        "value": "Items.GOLDEN_APPLE"
      },
      {
        "value": ""
      },
      {
        "value": "Items.ENCHANTED_BOOK"
      },
      {
        "value": "Items.NETHER_STAR"
      },
      {
        "value": ""
      },
      {
        "value": ""
      },
      {
        "value": ""
      },
      {
        "value": ""
      }
    ],
    "recipeReturnStack": {
      "value": "CUSTOM:OrbOfReseting"
    },
    "name": "tome_of_rebirth_recipe",
    "namespace": "mod"
  }
}