{
  "credit": "Made with Blockbench",
  "parent": "lesser_memory_frag",
  "elements": [
    {
      "from": [
        6,
        0,
        7
      ],
      "to": [
        9,
        3,
        10
      ],
      "rotation": {
        "angle": 0,
        "axis": "y",
        "origin": [
          6,
          0,
          7
        ]
      },
      "faces": {
        "north": {
          "uv": [
            0,
            0,
            3,
            3
          ],
          "texture": "#1"
        },
        "east": {
          "uv": [
            0,
            0,
            3,
            3
          ],
          "texture": "#1"
        },
        "south": {
          "uv": [
            0,
            0,
            3,
            3
          ],
          "texture": "#1"
        },
        "west": {
          "uv": [
            0,
            0,
            3,
            3
          ],
          "texture": "#1"
        },
        "up": {
          "uv": [
            3,
            3,
            0,
            0
          ],
          "texture": "#1"
        },
        "down": {
          "uv": [
            3,
            0,
            0,
            3
          ],
          "texture": "#1"
        }
      }
    }
  ],
  "display": {
    "thirdperson_righthand": {
      "translation": [
        0.5,
        6.75,
        -0.5
      ]
    },
    "thirdperson_lefthand": {
      "translation": [
        -0.5,
        6.25,
        0
      ]
    },
    "firstperson_righthand": {
      "translation": [
        0,
        7.5,
        0
      ]
    },
    "firstperson_lefthand": {
      "translation": [
        0,
        7.75,
        0
      ]
    },
    "ground": {
      "translation": [
        0,
        4.75,
        0
      ]
    },
    "gui": {
      "rotation": [
        -3,
        0,
        0
      ],
      "translation": [
        1.75,
        20.5,
        0
      ],
      "scale": [
        3.13,
        3.15,
        1
      ]
    },
    "head": {
      "translation": [
        0,
        7.75,
        -7
      ]
    },
    "fixed": {
      "translation": [
        0,
        6.75,
        0
      ]
    }
  },
  "groups": [
    {
      "name": "main",
      "origin": [
        8,
        8,
        8
      ],
      "color": 0,
      "children": [
        0
      ]
    }
  ]
}