{
  "credit": "Made with Blockbench",
  "parent": "trophy_1",
  "texture_size": [
    32,
    32
  ],
  "elements": [
    {
      "from": [
        1,
        0,
        3
      ],
      "to": [
        15,
        2,
        13
      ],
      "rotation": {
        "angle": 0,
        "axis": "y",
        "origin": [
          7,
          0,
          7
        ]
      },
      "faces": {
        "north": {
          "uv": [
            7,
            0,
            14,
            1
          ],
          "texture": "#0"
        },
        "east": {
          "uv": [
            7,
            2,
            12,
            3
          ],
          "texture": "#0"
        },
        "south": {
          "uv": [
            7,
            1,
            14,
            2
          ],
          "texture": "#0"
        },
        "west": {
          "uv": [
            7,
            3,
            12,
            4
          ],
          "texture": "#0"
        },
        "up": {
          "uv": [
            7,
            5,
            0,
            0
          ],
          "texture": "#0"
        },
        "down": {
          "uv": [
            7,
            5,
            0,
            10
          ],
          "texture": "#0"
        }
      }
    },
    {
      "from": [
        12.9,
        8,
        7
      ],
      "to": [
        14.9,
        9,
        9
      ],
      "rotation": {
        "angle": 0,
        "axis": "y",
        "origin": [
          12.9,
          9,
          7
        ]
      },
      "faces": {
        "north": {
          "uv": [
            11,
            6,
            12.5,
            7
          ],
          "texture": "#0"
        },
        "east": {
          "uv": [
            12,
            7,
            13,
            8
          ],
          "texture": "#0"
        },
        "south": {
          "uv": [
            11,
            11.5,
            12.5,
            12.5
          ],
          "texture": "#0"
        },
        "west": {
          "uv": [
            12,
            8,
            13,
            9
          ],
          "texture": "#0"
        },
        "up": {
          "uv": [
            13.5,
            3,
            12,
            2
          ],
          "texture": "#0"
        },
        "down": {
          "uv": [
            13.5,
            3,
            12,
            4
          ],
          "texture": "#0"
        }
      }
    },
    {
      "from": [
        12.9,
        5,
        7
      ],
      "to": [
        14.9,
        6,
        9
      ],
      "rotation": {
        "angle": 0,
        "axis": "y",
        "origin": [
          12.9,
          6,
          7
        ]
      },
      "faces": {
        "north": {
          "uv": [
            11,
            6,
            12.5,
            7
          ],
          "texture": "#0"
        },
        "east": {
          "uv": [
            12,
            7,
            13,
            8
          ],
          "texture": "#0"
        },
        "south": {
          "uv": [
            11,
            11.5,
            12.5,
            12.5
          ],
          "texture": "#0"
        },
        "west": {
          "uv": [
            12,
            8,
            13,
            9
          ],
          "texture": "#0"
        },
        "up": {
          "uv": [
            13.5,
            3,
            12,
            2
          ],
          "texture": "#0"
        },
        "down": {
          "uv": [
            13.5,
            3,
            12,
            4
          ],
          "texture": "#0"
        }
      }
    },
    {
      "from": [
        11.9,
        2,
        7
      ],
      "to": [
        13.9,
        3,
        9
      ],
      "rotation": {
        "angle": 0,
        "axis": "y",
        "origin": [
          11.9,
          3,
          7
        ]
      },
      "faces": {
        "north": {
          "uv": [
            11,
            6,
            12.5,
            7
          ],
          "texture": "#0"
        },
        "east": {
          "uv": [
            12,
            7,
            13,
            8
          ],
          "texture": "#0"
        },
        "south": {
          "uv": [
            11,
            11.5,
            12.5,
            12.5
          ],
          "texture": "#0"
        },
        "west": {
          "uv": [
            12,
            8,
            13,
            9
          ],
          "texture": "#0"
        },
        "up": {
          "uv": [
            13.5,
            3,
            12,
            2
          ],
          "texture": "#0"
        },
        "down": {
          "uv": [
            13.5,
            3,
            12,
            4
          ],
          "texture": "#0"
        }
      }
    },
    {
      "from": [
        12,
        5,
        7
      ],
      "to": [
        13,
        9,
        9
      ],
      "rotation": {
        "angle": 0,
        "axis": "y",
        "origin": [
          13,
          2,
          7
        ]
      },
      "faces": {
        "north": {
          "uv": [
            7,
            4,
            8,
            7.5
          ],
          "texture": "#0"
        },
        "east": {
          "uv": [
            7,
            7.5,
            8,
            11
          ],
          "texture": "#0"
        },
        "south": {
          "uv": [
            8,
            4,
            9,
            7.5
          ],
          "texture": "#0"
        },
        "west": {
          "uv": [
            8,
            7.5,
            9,
            11
          ],
          "texture": "#0"
        },
        "up": {
          "uv": [
            13,
            10,
            12,
            9
          ],
          "texture": "#0"
        },
        "down": {
          "uv": [
            13,
            10,
            12,
            11
          ],
          "texture": "#0"
        }
      }
    },
    {
      "from": [
        13.9,
        2,
        7
      ],
      "to": [
        14.9,
        6,
        9
      ],
      "rotation": {
        "angle": 0,
        "axis": "y",
        "origin": [
          14.9,
          -1,
          7
        ]
      },
      "faces": {
        "north": {
          "uv": [
            7,
            4,
            8,
            7.5
          ],
          "texture": "#0"
        },
        "east": {
          "uv": [
            7,
            7.5,
            8,
            11
          ],
          "texture": "#0"
        },
        "south": {
          "uv": [
            8,
            4,
            9,
            7.5
          ],
          "texture": "#0"
        },
        "west": {
          "uv": [
            8,
            7.5,
            9,
            11
          ],
          "texture": "#0"
        },
        "up": {
          "uv": [
            13,
            10,
            12,
            9
          ],
          "texture": "#0"
        },
        "down": {
          "uv": [
            13,
            10,
            12,
            11
          ],
          "texture": "#0"
        }
      }
    },
    {
      "from": [
        10,
        2,
        7
      ],
      "to": [
        11,
        9,
        9
      ],
      "rotation": {
        "angle": 0,
        "axis": "y",
        "origin": [
          10,
          2,
          7
        ]
      },
      "faces": {
        "north": {
          "uv": [
            7,
            11,
            7.5,
            14.5
          ],
          "texture": "#0"
        },
        "east": {
          "uv": [
            9,
            4,
            10,
            7.5
          ],
          "texture": "#0"
        },
        "south": {
          "uv": [
            7.5,
            11,
            8,
            14.5
          ],
          "texture": "#0"
        },
        "west": {
          "uv": [
            9,
            7.5,
            10,
            11
          ],
          "texture": "#0"
        },
        "up": {
          "uv": [
            3,
            14.5,
            2.5,
            13.5
          ],
          "texture": "#0"
        },
        "down": {
          "uv": [
            3.5,
            13.5,
            3,
            14.5
          ],
          "texture": "#0"
        }
      }
    },
    {
      "from": [
        7,
        2,
        7
      ],
      "to": [
        8,
        9,
        9
      ],
      "rotation": {
        "angle": 0,
        "axis": "y",
        "origin": [
          7,
          2,
          7
        ]
      },
      "faces": {
        "north": {
          "uv": [
            8,
            11,
            8.5,
            14.5
          ],
          "texture": "#0"
        },
        "east": {
          "uv": [
            0,
            10,
            1,
            13.5
          ],
          "texture": "#0"
        },
        "south": {
          "uv": [
            8.5,
            11,
            9,
            14.5
          ],
          "texture": "#0"
        },
        "west": {
          "uv": [
            1,
            10,
            2,
            13.5
          ],
          "texture": "#0"
        },
        "up": {
          "uv": [
            14,
            4,
            13.5,
            3
          ],
          "texture": "#0"
        },
        "down": {
          "uv": [
            4,
            13.5,
            3.5,
            14.5
          ],
          "texture": "#0"
        }
      }
    },
    {
      "from": [
        7,
        8,
        7
      ],
      "to": [
        11,
        9,
        9
      ],
      "rotation": {
        "angle": 0,
        "axis": "y",
        "origin": [
          7,
          9,
          7
        ]
      },
      "faces": {
        "north": {
          "uv": [
            12,
            11,
            14,
            11.5
          ],
          "texture": "#0"
        },
        "east": {
          "uv": [
            11,
            7,
            12,
            7.5
          ],
          "texture": "#0"
        },
        "south": {
          "uv": [
            12.5,
            6,
            14.5,
            6.5
          ],
          "texture": "#0"
        },
        "west": {
          "uv": [
            4,
            13.5,
            5,
            14
          ],
          "texture": "#0"
        },
        "up": {
          "uv": [
            7,
            11,
            5,
            10
          ],
          "texture": "#0"
        },
        "down": {
          "uv": [
            12,
            7.5,
            10,
            8.5
          ],
          "texture": "#0"
        }
      }
    },
    {
      "from": [
        7,
        2,
        7
      ],
      "to": [
        11,
        3,
        9
      ],
      "rotation": {
        "angle": 0,
        "axis": "y",
        "origin": [
          7,
          3,
          7
        ]
      },
      "faces": {
        "north": {
          "uv": [
            12.5,
            6.5,
            14.5,
            7
          ],
          "texture": "#0"
        },
        "east": {
          "uv": [
            5,
            13.5,
            6,
            14
          ],
          "texture": "#0"
        },
        "south": {
          "uv": [
            11,
            12.5,
            13,
            13
          ],
          "texture": "#0"
        },
        "west": {
          "uv": [
            6,
            13.5,
            7,
            14
          ],
          "texture": "#0"
        },
        "up": {
          "uv": [
            12,
            9.5,
            10,
            8.5
          ],
          "texture": "#0"
        },
        "down": {
          "uv": [
            12,
            9.5,
            10,
            10.5
          ],
          "texture": "#0"
        }
      }
    },
    {
      "from": [
        5,
        2,
        7
      ],
      "to": [
        6,
        9,
        9
      ],
      "rotation": {
        "angle": 0,
        "axis": "y",
        "origin": [
          5,
          2,
          7
        ]
      },
      "faces": {
        "north": {
          "uv": [
            9,
            11,
            9.5,
            14.5
          ],
          "texture": "#0"
        },
        "east": {
          "uv": [
            2,
            10,
            3,
            13.5
          ],
          "texture": "#0"
        },
        "south": {
          "uv": [
            9.5,
            11,
            10,
            14.5
          ],
          "texture": "#0"
        },
        "west": {
          "uv": [
            3,
            10,
            4,
            13.5
          ],
          "texture": "#0"
        },
        "up": {
          "uv": [
            13.5,
            14.5,
            13,
            13.5
          ],
          "texture": "#0"
        },
        "down": {
          "uv": [
            14,
            13.5,
            13.5,
            14.5
          ],
          "texture": "#0"
        }
      }
    },
    {
      "from": [
        2,
        2,
        7
      ],
      "to": [
        3,
        9,
        9
      ],
      "rotation": {
        "angle": 0,
        "axis": "y",
        "origin": [
          2,
          2,
          7
        ]
      },
      "faces": {
        "north": {
          "uv": [
            10,
            11.5,
            10.5,
            15
          ],
          "texture": "#0"
        },
        "east": {
          "uv": [
            4,
            10,
            5,
            13.5
          ],
          "texture": "#0"
        },
        "south": {
          "uv": [
            10.5,
            11.5,
            11,
            15
          ],
          "texture": "#0"
        },
        "west": {
          "uv": [
            10,
            4,
            11,
            7.5
          ],
          "texture": "#0"
        },
        "up": {
          "uv": [
            14.5,
            1,
            14,
            0
          ],
          "texture": "#0"
        },
        "down": {
          "uv": [
            14.5,
            1,
            14,
            2
          ],
          "texture": "#0"
        }
      }
    },
    {
      "from": [
        2,
        8,
        7
      ],
      "to": [
        6,
        9,
        9
      ],
      "rotation": {
        "angle": 0,
        "axis": "y",
        "origin": [
          2,
          9,
          7
        ]
      },
      "faces": {
        "north": {
          "uv": [
            12.5,
            11.5,
            14.5,
            12
          ],
          "texture": "#0"
        },
        "east": {
          "uv": [
            14,
            2,
            15,
            2.5
          ],
          "texture": "#0"
        },
        "south": {
          "uv": [
            12.5,
            12,
            14.5,
            12.5
          ],
          "texture": "#0"
        },
        "west": {
          "uv": [
            14,
            2.5,
            15,
            3
          ],
          "texture": "#0"
        },
        "up": {
          "uv": [
            12,
            11.5,
            10,
            10.5
          ],
          "texture": "#0"
        },
        "down": {
          "uv": [
            13,
            4,
            11,
            5
          ],
          "texture": "#0"
        }
      }
    },
    {
      "from": [
        2,
        2,
        7
      ],
      "to": [
        6,
        3,
        9
      ],
      "rotation": {
        "angle": 0,
        "axis": "y",
        "origin": [
          2,
          3,
          7
        ]
      },
      "faces": {
        "north": {
          "uv": [
            13,
            4,
            15,
            4.5
          ],
          "texture": "#0"
        },
        "east": {
          "uv": [
            14,
            3,
            15,
            3.5
          ],
          "texture": "#0"
        },
        "south": {
          "uv": [
            13,
            4.5,
            15,
            5
          ],
          "texture": "#0"
        },
        "west": {
          "uv": [
            14,
            3.5,
            15,
            4
          ],
          "texture": "#0"
        },
        "up": {
          "uv": [
            7,
            12,
            5,
            11
          ],
          "texture": "#0"
        },
        "down": {
          "uv": [
            13,
            5,
            11,
            6
          ],
          "texture": "#0"
        }
      }
    },
    {
      "from": [
        4.6,
        2,
        4
      ],
      "to": [
        6.6,
        4,
        6
      ],
      "rotation": {
        "angle": 0,
        "axis": "y",
        "origin": [
          4.6,
          2,
          4
        ]
      },
      "faces": {
        "north": {
          "uv": [
            13,
            5,
            14,
            6
          ],
          "texture": "#0"
        },
        "east": {
          "uv": [
            13,
            7,
            14,
            8
          ],
          "texture": "#0"
        },
        "south": {
          "uv": [
            13,
            8,
            14,
            9
          ],
          "texture": "#0"
        },
        "west": {
          "uv": [
            13,
            9,
            14,
            10
          ],
          "texture": "#0"
        },
        "up": {
          "uv": [
            14,
            11,
            13,
            10
          ],
          "texture": "#0"
        },
        "down": {
          "uv": [
            12,
            13,
            11,
            14
          ],
          "texture": "#0"
        }
      }
    },
    {
      "from": [
        2,
        2,
        4
      ],
      "to": [
        4,
        4,
        6
      ],
      "rotation": {
        "angle": 0,
        "axis": "y",
        "origin": [
          2,
          2,
          4
        ]
      },
      "faces": {
        "north": {
          "uv": [
            13,
            5,
            14,
            6
          ],
          "texture": "#0"
        },
        "east": {
          "uv": [
            13,
            7,
            14,
            8
          ],
          "texture": "#0"
        },
        "south": {
          "uv": [
            13,
            8,
            14,
            9
          ],
          "texture": "#0"
        },
        "west": {
          "uv": [
            13,
            9,
            14,
            10
          ],
          "texture": "#0"
        },
        "up": {
          "uv": [
            14,
            11,
            13,
            10
          ],
          "texture": "#0"
        },
        "down": {
          "uv": [
            12,
            13,
            11,
            14
          ],
          "texture": "#0"
        }
      }
    },
    {
      "from": [
        3.3,
        4,
        4
      ],
      "to": [
        5.3,
        6,
        6
      ],
      "rotation": {
        "angle": 0,
        "axis": "y",
        "origin": [
          3.3,
          4,
          4
        ]
      },
      "faces": {
        "north": {
          "uv": [
            13,
            5,
            14,
            6
          ],
          "texture": "#0"
        },
        "east": {
          "uv": [
            13,
            7,
            14,
            8
          ],
          "texture": "#0"
        },
        "south": {
          "uv": [
            13,
            8,
            14,
            9
          ],
          "texture": "#0"
        },
        "west": {
          "uv": [
            13,
            9,
            14,
            10
          ],
          "texture": "#0"
        },
        "up": {
          "uv": [
            14,
            11,
            13,
            10
          ],
          "texture": "#0"
        },
        "down": {
          "uv": [
            12,
            13,
            11,
            14
          ],
          "texture": "#0"
        }
      }
    },
    {
      "from": [
        5.3,
        2,
        10
      ],
      "to": [
        7.3,
        4,
        12
      ],
      "rotation": {
        "angle": 0,
        "axis": "y",
        "origin": [
          5.3,
          2,
          10
        ]
      },
      "faces": {
        "north": {
          "uv": [
            13,
            5,
            14,
            6
          ],
          "texture": "#0"
        },
        "east": {
          "uv": [
            13,
            7,
            14,
            8
          ],
          "texture": "#0"
        },
        "south": {
          "uv": [
            13,
            8,
            14,
            9
          ],
          "texture": "#0"
        },
        "west": {
          "uv": [
            13,
            9,
            14,
            10
          ],
          "texture": "#0"
        },
        "up": {
          "uv": [
            14,
            11,
            13,
            10
          ],
          "texture": "#0"
        },
        "down": {
          "uv": [
            12,
            13,
            11,
            14
          ],
          "texture": "#0"
        }
      }
    },
    {
      "from": [
        11.3,
        2,
        4
      ],
      "to": [
        13.3,
        4,
        6
      ],
      "rotation": {
        "angle": 0,
        "axis": "y",
        "origin": [
          11.3,
          2,
          4
        ]
      },
      "faces": {
        "north": {
          "uv": [
            13,
            5,
            14,
            6
          ],
          "texture": "#0"
        },
        "east": {
          "uv": [
            13,
            7,
            14,
            8
          ],
          "texture": "#0"
        },
        "south": {
          "uv": [
            13,
            8,
            14,
            9
          ],
          "texture": "#0"
        },
        "west": {
          "uv": [
            13,
            9,
            14,
            10
          ],
          "texture": "#0"
        },
        "up": {
          "uv": [
            14,
            11,
            13,
            10
          ],
          "texture": "#0"
        },
        "down": {
          "uv": [
            12,
            13,
            11,
            14
          ],
          "texture": "#0"
        }
      }
    },
    {
      "from": [
        7.8,
        9,
        7
      ],
      "to": [
        9.8,
        11,
        9
      ],
      "rotation": {
        "angle": 0,
        "axis": "y",
        "origin": [
          7.8,
          9,
          7
        ]
      },
      "faces": {
        "north": {
          "uv": [
            13,
            5,
            14,
            6
          ],
          "texture": "#0"
        },
        "east": {
          "uv": [
            13,
            7,
            14,
            8
          ],
          "texture": "#0"
        },
        "south": {
          "uv": [
            13,
            8,
            14,
            9
          ],
          "texture": "#0"
        },
        "west": {
          "uv": [
            13,
            9,
            14,
            10
          ],
          "texture": "#0"
        },
        "up": {
          "uv": [
            14,
            11,
            13,
            10
          ],
          "texture": "#0"
        },
        "down": {
          "uv": [
            12,
            13,
            11,
            14
          ],
          "texture": "#0"
        }
      }
    }
  ],
  "groups": [
    {
      "name": "Lvl100",
      "origin": [
        0,
        0,
        0
      ],
      "color": 0,
      "children": [
        {
          "name": "base",
          "origin": [
            0,
            0,
            0
          ],
          "color": 0,
          "children": [
            0
          ]
        },
        {
          "name": "Frame",
          "origin": [
            8,
            8,
            8
          ],
          "color": 0,
          "children": [
            {
              "name": "2",
              "origin": [
                8,
                8,
                8
              ],
              "color": 0,
              "children": [
                1,
                2,
                3,
                4,
                5
              ]
            },
            {
              "name": "0",
              "origin": [
                8,
                8,
                8
              ],
              "color": 0,
              "children": [
                6,
                7,
                8,
                9
              ]
            },
            {
              "name": "0",
              "origin": [
                8,
                8,
                8
              ],
              "color": 0,
              "children": [
                10,
                11,
                12,
                13
              ]
            }
          ]
        },
        {
          "name": "Elements",
          "origin": [
            0,
            0,
            0
          ],
          "color": 0,
          "children": [
            14,
            15,
            16,
            17,
            18,
            19
          ]
        }
      ]
    }
  ]
}