{
  "display": {
    "background": "minecraft:textures/block/stone.png",
    "icon": {
      "id": "memory_of_the_past:great_drop_of_knowledge"
    },
    "title": {
      "translate": "advancements.first_level_up.title"
    },
    "description": {
      "translate": "advancements.first_level_up.descr"
    },
    "frame": "task",
    "show_toast": true,
    "announce_to_chat": true,
    "hidden": false
  },
  "criteria": {
    "first_level_up_0": {
      "trigger": "minecraft:impossible"
    }
  },
  "rewards": {
    "experience": 5
  }
}