{
  "display": {
    "icon": {
      "id": "memory_of_the_past:great_drop_of_knowledge"
    },
    "title": {
      "translate": "advancements.reach_level_100.title"
    },
    "description": {
      "translate": "advancements.reach_level_100.descr"
    },
    "frame": "challenge",
    "show_toast": true,
    "announce_to_chat": true,
    "hidden": false
  },
  "criteria": {
    "reach_level_100_0": {
      "trigger": "minecraft:inventory_changed",
      "conditions": {
        "items": [
          {
            "items": [
              "memory_of_the_past:level_100_trophy_reward"
            ],
            "count": {
              "min": 1,
              "max": 1
            }
          }
        ]
      }
    }
  },
  "rewards": {
    "experience": 20
  },
  "parent": "memory_of_the_past:reach_level_50"
}