{
  "display": {
    "icon": {
      "id": "memory_of_the_past:great_drop_of_knowledge"
    },
    "title": {
      "translate": "advancements.reach_level_50.title"
    },
    "description": {
      "translate": "advancements.reach_level_50.descr"
    },
    "frame": "task",
    "show_toast": true,
    "announce_to_chat": true,
    "hidden": false
  },
  "criteria": {
    "reach_level_50_0": {
      "trigger": "minecraft:impossible"
    }
  },
  "rewards": {
    "experience": 20
  },
  "parent": "memory_of_the_past:first_level_up"
}